,0,1,2,3,4,5,6,7,8,9,10,11,12
0,-0.35509443562431,-0.39467825933078426,-0.9402815891788905,-0.5231733573770634,0.7388453318698449,-0.8309720198525592,-0.5757009065623544,0.1115397736449828,0.9796366861612724,0.22922625825026954,-0.6350890140590633,-0.2405342133597761,0.3205315689494179
1,0.36823713715419815,0.11818132258996106,-0.7911892766061672,0.9192384615036218,-0.71862378958838,-0.13822928222084752,0.4328367633568655,-0.968507335911936,-0.7269542930842381,0.7526823517925463,0.1290545021817744,0.8475462259859277,-0.9544835694108691
2,0.08864820985589583,0.527773700915948,0.12270717376990503,-0.2106922532585811,0.8549113350428592,-0.8271753980608034,-0.7380997219792911,0.6675137805400457,0.5557666132779884,0.7895128842314916,0.8575965057746628,-0.009006536113704389,0.31393233128709297
3,-0.5548940887715879,0.03580955447834877,0.17041731014674144,-0.8185606648519486,0.11679187450489414,0.08641075013067434,-0.3744684227899613,0.94446963158038,0.5175845112091191,-0.8576063779699676,-0.8123007110429752,-0.592988086083835,-0.24170148495328236
4,0.0925608520336334,0.5752909114620142,-0.6585426302173512,0.5752478816476634,0.7377844482938303,-0.18072911204839848,-0.5379873532336299,-0.42998017538974564,-0.6999378267990788,0.3541756773227438,0.015227301907222435,-0.915528333005796,-0.21496914759607888
5,0.5958381500711643,-0.5390389854545072,-0.6441283004730067,-0.2708961864717987,-0.2785557208284861,-0.8987590148808966,-0.20840667219695597,0.8007373173862311,-0.5490106212292636,-0.5584286946536852,0.5139340210160472,-0.06343616548688091,-0.09889116999995529
6,0.763689087822272,-0.6667336139338906,-0.07862467620779845,0.4745693800463846,0.5165444789807485,0.7137910492921313,-0.6549842713386338,0.7752076580933263,0.5692873026469292,-0.5738793800057505,-0.38731277155156074,-0.5786920858455649,-0.7959646378363756
7,0.08864820985589583,0.5383887447133742,0.15621573172379422,-0.2106922532585811,0.8549113350428592,-0.8271753980608034,-0.7380997219792911,0.6675137805400457,0.5557666132779884,0.7895128842314916,0.8575965057746628,-0.009006536113704389,0.31393233128709297
8,0.8709634725990896,0.11411304338017625,-0.8096315653228217,0.12809196923498067,0.9487844118315056,-0.8766950349791769,0.1519677288989012,-0.6997211170332907,0.2604154606713873,0.05162570306492986,-0.7397163923788226,0.3140655645311794,-0.4633996979612989
9,0.08864820985589583,0.545391049666536,0.12270717376990503,-0.2106922532585811,0.8549113350428592,-0.7890105291322671,-0.5420951142757611,0.6675137805400457,0.5557666132779884,0.8108815456273408,0.8479125059567554,-0.009006536113704389,0.31393233128709297
10,0.8344266025442917,0.3652106458115476,0.315363825421501,0.8368755378021069,0.40625514217824943,0.8642277150860087,0.14848745330852986,0.796787855437123,-0.06865923369173133,0.7970619086708999,0.11227723475204598,0.8129817394660999,0.6243174827351972
11,0.12086206117915332,-0.0023968388557089604,0.5016679251207703,0.651708564864647,0.047009640872921254,0.8148498531550841,0.6700392742167189,-0.9926753248845843,-0.7123279622070042,0.9854460702490493,0.24595961326736582,-0.18680037850738063,0.28751985746715536
12,0.4006034082064942,-0.799543434215914,-0.8941952856706123,0.5419948899299836,0.9895432605616459,-0.6255222124496842,-0.841136327109427,-0.6970074480546014,-0.5025421736086784,0.5730919852743352,-0.1635358209986857,-0.31961020211950975,0.30667016151689697
13,-0.3014857937951434,0.7964174977742038,0.6617608261281993,0.21633691616073403,0.3851863563302014,0.5989725894488955,0.4518735303247814,-0.4070033037272478,-0.3141979635731671,0.24262916954407454,0.1977101198941824,-0.8060962271844541,0.1372937145559865
14,0.5958381500711643,-0.5390389854545072,-0.5509469111319809,-0.2708961864717987,-0.40385428500604603,-0.8978965324611128,-0.29480940405256906,0.8007373173862311,-0.5490106212292636,-0.5584286946536852,0.5139340210160472,-0.06343616548688091,-0.09889116999995529
15,0.36823713715419815,0.11818132258996106,-0.7911892766061672,0.9192384615036218,-0.71862378958838,-0.13822928222084752,0.4328367633568655,-0.968507335911936,-0.7269542930842381,0.7526823517925463,0.03757671113985084,0.2697011581002102,-0.9964578570851428
16,0.6096763757895656,0.32994251465224456,0.3651792703550174,-0.12459016723079075,-0.573992390229616,-0.9592013322826307,-0.39965098841902136,0.126195596424044,0.5556758562894171,0.6209231957775376,0.9372657021127697,0.7576162174651413,-0.42081467433019615
17,0.4479924544016174,0.473515341669023,-0.3212796683364305,0.9409196721879269,0.9727870329016399,-0.14995498939150176,-0.1321216987051923,0.0864456468822501,-0.8224311274683551,-0.24205294695205448,0.16008010424230923,-0.9862737118273499,-0.3207848121132095
18,0.08182994752067252,-0.05665612106313023,0.4473768977651744,-0.6755026966214224,0.6990602262360772,0.14315555001908953,0.0510343017194832,0.4918030794008488,-0.745971602006009,-0.7630433306673701,-0.38993337007107876,0.7720280001464455,-0.14046390516507246
19,0.6098513296643553,-0.8632311872592606,0.9022576415416952,-0.21116543489392003,0.09571125348021492,-0.14308577875893413,0.962572226198386,0.12159705249295638,-0.42610701186275857,0.1618754361564536,-0.7488641220910253,0.8308151198097271,0.878286187397971
20,0.2692345174799424,0.09862163705089655,0.8802186714785456,0.02515515559336623,0.4923367923757507,-0.724572215957672,-0.13056789846748362,0.35932350269268465,-0.283479019419254,-0.015329255321448576,0.02058102383393212,-0.012343855767264378,-0.04685289227645084
21,-0.1520801928840554,0.48825950379004146,0.28651538231117013,-0.9526849432078306,-0.017356578420398394,0.3444925396526757,-0.9935632563298118,-0.43999860008044234,-0.17949285910427681,0.23563917016489144,0.2647175021956645,-0.9032477090272453,0.3947310028022559
22,-0.07840321176483855,0.9018814041237888,0.5017623215945755,0.7381182746117667,0.8338046817277929,0.5246228368419974,0.47581731554707796,0.03016651796167724,0.9747270112011641,-0.06483833650772652,-0.6782949629966568,-0.24535980212332786,0.8147978219137517
23,0.3235372018065976,0.11818132258996106,-0.9186152349749312,0.8533687409091284,-0.7862247927049857,-0.260081379083799,0.6176837845009144,-0.961786527593562,-0.6278247703605555,0.6980882586476451,0.1290545021817744,0.8475462259859277,-0.9401606352272771
24,-0.9933561596298113,0.19025046054436778,0.8670780796516608,0.8825086288458401,0.23379791498907632,-0.9498283081035301,-0.27943489927835286,0.03271089353744183,0.9380426564360473,-0.6136296167650972,-0.23488167983106845,0.5358439557458605,-0.7800170746131125
25,0.5939882814773063,-0.01742084524657317,-0.6488761351724797,0.13902853450805153,-0.6999213208936415,0.7096281380336917,0.6675066716723494,-0.14366345117705537,0.15493582350340818,0.17957618358540062,0.7653217117646127,-0.5849058747099172,0.23193653275734993
26,0.6098513296643553,-0.8632311872592606,0.9101739114656597,-0.26355195088707917,0.32813178035261004,-0.14308577875893413,0.7752208708293469,0.148229006813406,-0.5959268921739123,0.1618754361564536,-0.6554227924154135,0.8078598724148012,0.8999266647099786
27,0.6098513296643553,-0.8632311872592606,0.9022576415416952,-0.26355195088707917,0.1363223537598015,-0.14308577875893413,0.962572226198386,0.148229006813406,-0.5959268921739123,0.1618754361564536,-0.7488641220910253,0.8429267806730936,0.8999266647099786
28,-0.2245651839102465,-0.23391701085182137,-0.45222692105235973,-0.40813567412894214,-0.9039891108019971,0.885274815586705,-0.8516614713936645,-0.6225415465573927,-0.8585753128477731,-0.7243551412753877,0.2718379560979254,-0.5422382460897182,-0.13480388178647873
29,0.8533400596260692,0.06726123101737369,-0.5118956699014454,-0.467976629874691,0.9689340083225555,0.5058712432036556,-0.14677159522546934,-0.03253104110003946,0.549212577850303,-0.8929863854094975,0.9096636458880172,-0.6332685575873036,-0.007059604695253352
30,0.5925404896218927,-0.758596629135907,0.01613410596587017,0.32142523508651544,0.668133235790934,0.33083181263754424,-0.5302813659583496,0.7614809174953319,0.1360630184173559,-0.36695637725893415,-0.44686069945268003,0.9179566646020509,-0.881620461530721
31,0.8533400596260692,0.05104380307507439,-0.5118956699014454,-0.5358816862250484,0.9152667829707419,0.43358948988964907,-0.1502870537942671,-0.03253104110003946,0.549212577850303,-0.9627920114462927,0.5572896660934317,-0.7178225283150386,-0.007059604695253352
32,0.0925608520336334,0.5608435013028401,-0.6797805825618684,0.5752478816476634,0.7377844482938303,-0.18072911204839848,-0.40005308084245206,-0.4697479191341831,-0.7075868897361073,0.3541756773227438,0.04689503229243153,-0.915528333005796,-0.21496914759607888
33,0.9465858630798287,-0.6059834352716702,-0.34543690200296995,-0.7538550159466109,0.32153438011826974,-0.015898541524569154,-0.8212398651534141,-0.9634656053109991,-0.5233004738947782,-0.3525682869218727,-0.10052932196863451,-0.8877640219545078,0.1321991115077008
34,0.24761622833164298,0.8872549165265864,-0.247018994132697,0.49207623482323903,0.6686753109620853,-0.37698968794674426,0.5650804644760232,0.5985180028533548,0.33689181567832827,-0.7372264885841415,-0.6882508871525344,0.035798808678141114,-0.7584898568465166
35,0.1796522291313638,-0.08558692843886839,0.4473768977651744,-0.6755026966214224,0.6990602262360772,0.14315555001908953,0.07332275376867003,0.4918030794008488,-0.7294140849050514,-0.7611823260509418,-0.3880542672012721,0.514502571231257,-0.13418813829920895
36,0.4470494324984733,0.08701198838918911,-0.8706407310728541,0.31552127526740126,-0.06097106154695231,0.3438659647977944,0.27196549733819775,0.5792055817992006,0.9835138732511273,0.05618576213854576,-0.7187813557686151,0.8368657769795496,-0.8380468216466035
37,0.6889307633983268,-0.02629988572545372,0.19904179014333478,0.4920886232621864,-0.8736426466751246,-0.8181615876399193,-0.5234413175417483,0.6287758992314774,0.4666078196462351,-0.9722698043912186,0.4203132784284578,0.09668268204486652,0.48240554239973
38,0.874261060889677,0.06726123101737369,-0.5118956699014454,-0.35591630480598657,0.9617084408748555,0.43358948988964907,-0.12652415063220324,-0.042723153624766974,0.7600793134704027,-0.7186879414030352,0.7751881582144269,-0.7599836189286819,-0.15164167345557056
39,0.9719313500685209,-0.005198736765267942,-0.28442965240460705,0.7508646589500327,-0.9834724932567307,-0.8600815565901629,0.14080507209851767,-0.13199399468514317,-0.7001830557229738,-0.833063149988474,-0.1986714704449617,-0.2320792163042824,-0.02690631879673422
40,0.047400518745216225,-0.06695059568628126,0.4473768977651744,-0.6755026966214224,0.6990602262360772,0.15624408517584043,0.12308208046546643,0.4918030794008488,-0.8334255199225511,-0.7522299724632313,-0.3880542672012721,0.39702561648358436,-0.16495074745001537
41,0.047400518745216225,-0.08558692843886839,0.48713945280181714,-0.6320863225386033,0.6990602262360772,0.14315555001908953,0.12308208046546643,0.6070720745508211,-0.9508222492876499,-0.8366982668230314,-0.3880542672012721,0.40071873807956826,0.003989177915219466
42,0.08864820985589583,0.6356431953742228,0.12270717376990503,-0.1195281597224429,0.8549113350428592,-0.335592063731438,-0.7994761803991581,0.6675137805400457,0.5557666132779884,0.7895128842314916,0.8575965057746628,-0.009006536113704389,0.36060328125529484
43,0.8344266025442917,0.32144280964712024,0.315363825421501,0.8368755378021069,0.22747662950069292,0.8642277150860087,0.2602201148576384,0.8252846935872011,-0.06865923369173133,0.7970619086708999,0.18242804979753724,0.7001033208138037,0.7460025252785842
44,0.08622525201204256,-0.026337740774088125,-0.8706407310728541,0.31552127526740126,-0.06097106154695231,0.25573692055437847,0.22006587137858968,0.30623194161411327,0.9985863391710528,0.26226646310177526,-0.7187813557686151,0.805424248623795,-0.9590447355477827
45,0.0925608520336334,0.5608435013028401,-0.6797805825618684,0.5752478816476634,0.7377844482938303,-0.18072911204839848,-0.40005308084245206,-0.4697479191341831,-0.598735200953153,0.3541756773227438,0.04689503229243153,-0.915528333005796,-0.21496914759607888
46,0.047400518745216225,-0.08558692843886839,0.48713945280181714,-0.6320863225386033,0.6990602262360772,0.14315555001908953,0.12308208046546643,0.588452331260185,-0.9508222492876499,-0.8366982668230314,-0.3880542672012721,0.40071873807956826,0.003989177915219466
47,0.8088604495940228,-0.08480269552748143,-0.3712872635895468,-0.37110708321512687,-0.29550254145014554,0.049770316748026344,-0.9627847038506794,0.8459121396760751,0.20908867266878106,-0.9403686809971179,-0.5768107648157832,0.767003207853505,0.8585850759116489
48,0.9944703984232874,-0.009810128706597698,0.2633596648934253,0.7768425204471698,-0.041485401548276846,0.7091308327466499,0.10630167164144089,0.9734067677377654,-0.8601042124127909,-0.45783993562516123,0.7920367304217126,-0.1579222398724578,0.9629597734673596
49,0.79524977878292,0.9373807831034642,-0.9442537370394173,0.9129232373187088,0.013711647792341353,-0.9683062970441387,-0.20876293611823482,-0.003490427492510051,-0.39960058404446785,0.2917948646872457,0.5420395037728611,0.32355707419451973,-0.2474207260462753
50,0.7232150259135572,-0.01627244086978008,0.06300930294331142,0.7668689740200885,0.10126661114370283,-0.8716286236969581,-0.2370247204973841,-0.6371408020395588,-0.5121379900816594,0.3631255682508563,-0.6646764425887031,0.6262357296344663,-0.9193044042938636
51,0.3467359755227346,-0.11731492196873017,0.9009008958776528,0.4570578582458318,0.8294211329612335,0.6247618733942597,0.8228190742912926,0.6161748839604935,-0.5352122104962245,-0.8883738420363572,0.03823109049683571,0.0017093653299928846,-0.09524375419689957
52,0.08811602853761547,-0.08558692843886839,0.4473768977651744,-0.6755026966214224,0.6990602262360772,0.43540671441236944,0.07332275376867003,0.4918030794008488,-0.745971602006009,-0.7611823260509418,-0.3880542672012721,0.32736271029724806,0.007723401778628514
53,0.6310301141423253,0.28188343595638865,-0.4455220820286243,0.7113517447555322,0.46558563651006235,-0.3645597767485078,-0.09551155565249592,-0.7699215104639465,-0.3802715796173328,0.2308221119382412,0.38093651727496725,0.371641226185782,-0.3174854921510257
54,0.08864820985589583,0.6356431953742228,0.12270717376990503,-0.1195281597224429,0.8549113350428592,-0.335592063731438,-0.7994761803991581,0.6675137805400457,0.5672999118692099,0.7991807405913112,0.8575965057746628,-0.009006536113704389,0.2159914121142963
55,-0.13562397286745287,-0.08558692843886839,0.48713945280181714,-0.6320863225386033,0.6990602262360772,0.14315555001908953,0.12308208046546643,0.6070720745508211,-0.9508222492876499,-0.8366982668230314,-0.3401283426290511,0.40071873807956826,0.003989177915219466
56,-0.2016258479341777,-0.6164401246124254,-0.9620219266884606,-0.5645376269955125,-0.5866592851222301,-0.7833481251161374,-0.8628304169049978,0.204572352177963,0.5771994998635388,0.6870508973995573,0.8722604763293798,-0.013592360397853165,0.4608464703493711
57,0.3467359755227346,-0.11731492196873017,0.8020921281193616,0.49836663967995665,0.8294211329612335,0.6071604893264757,0.6839495860466318,0.6161748839604935,-0.5352122104962245,-0.8260297643428247,0.03823109049683571,0.0017093653299928846,-0.09524375419689957
58,0.10797060886984888,0.5752909114620142,-0.6310132920654694,0.5752478816476634,0.7563588363676725,-0.18072911204839848,-0.5379873532336299,-0.42998017538974564,-0.7075868897361073,0.3541756773227438,0.015227301907222435,-0.9998323555548387,-0.19197443838527306
59,0.8344266025442917,0.32144280964712024,0.315363825421501,0.8368755378021069,0.17255379661767245,0.9071906103581504,0.30874476863460276,0.796787855437123,-0.06865923369173133,0.8170782086204735,0.18242804979753724,0.6018350715649889,0.6243174827351972
60,0.8426234640754076,-0.6265062198276783,0.40064801733787836,-0.6866206427218575,0.02378214902759801,-0.6985861899656485,-0.18244696765983304,-0.38075356290060625,-0.5746640709702351,-0.3138016040466882,-0.7762417786084859,0.7704950380970998,0.23196290497692806
61,0.9691727109753991,-0.557195799365336,0.08824021967622353,-0.7958269510103679,0.41847168507694854,0.2592910169700997,0.3099652655664191,-0.6681323490651196,-0.489864497494914,-0.9521814636248476,-0.4654328291915828,-0.3844517396520819,-0.2749971135642586
62,0.10257665192158516,0.10456031514922404,0.24172682456079153,-0.46593087178399895,-0.9953916346692071,0.7917526991940131,-0.39980130227588284,0.6459654558585834,0.42376150260086787,-0.48850716039641817,-0.7841338343962181,-0.9865986064621266,0.8417208623759707
63,0.6095245808471013,-0.08816059614468497,-0.4512739815351057,-0.7030901782450087,0.5326510897230785,0.03974889739788123,-0.11903365306139979,0.24886421721393615,0.016834884626420132,-0.7134156669891536,-0.2514258406599188,0.6860393658770889,-0.5530075334755518
64,0.12086206117915332,0.0054034075709115115,0.5016679251207703,0.651708564864647,0.018862206480521948,0.8148498531550841,0.6700392742167189,-0.9926753248845843,-0.7123279622070042,0.9854460702490493,0.24595961326736582,-0.18680037850738063,0.29768635803600807
65,0.6169676150506056,-0.7594193580633104,0.8980408919400005,-0.26355195088707917,0.1363223537598015,-0.14308577875893413,0.9661353210682815,0.039192555709109955,-0.5959268921739123,0.1618754361564536,-0.7488641220910253,0.8078598724148012,0.8999266647099786
66,-0.7600943242034899,-0.9009773629282463,-0.999582729264902,-0.8122447435772278,0.5092036152160293,-0.5405802600952376,-0.9200139523636808,0.9323534450709106,0.06567225313537728,0.36686242904674704,-0.12741123219938122,-0.7923916906281825,-0.3004278968026328
67,0.5974559082964233,0.2904613837568155,0.6718499038390118,0.9683724994840288,0.7970889379310422,-0.2528748072495177,-0.27591648424629467,-0.9873409899093826,-0.11800638951132103,0.8721954780834067,0.8045924075153492,-0.8656621085202185,0.5267895814932835
68,0.09799427642915082,0.9779638071477776,-0.15556595229693926,0.5604780955779658,0.9231829508703886,0.8659079681982074,-0.8500054411217577,-0.1927003695045042,0.4956852044292335,-0.3603095455587031,-0.558066859318312,0.030407925065396357,-0.953291962224706
69,0.6216183501477666,-0.735096873381405,0.1788310104442592,0.6244722039174546,0.5253769758054081,-0.3625152244560519,0.48252304847153393,-0.1184053375722709,-0.4409651072066656,-0.40988560024876675,-0.5375680769673268,0.44674503513617636,0.6143102203589157
70,0.09358342513239548,-0.8389636475884519,-0.6590555678187886,-0.05288484790462622,0.5652831962587472,0.0679396771971379,-0.5174690092087513,-0.01877047451888303,-0.12134583866052906,-0.2278226354858186,-0.7491357922508626,0.08430186792484218,-0.7271433486479846
71,0.58389366848868,0.2462465016846671,-0.9411138137300101,0.14000214323157478,0.17968956094273403,0.51091320966075,-0.9413205606058246,-0.9316795654029408,0.9146739838535458,-0.598517271621235,0.6259521780304289,-0.15250218796184467,-0.47200982120003077
72,0.6216183501477666,-0.735096873381405,0.2283229191498366,0.8141292937665494,0.5414002567392984,-0.3493476009291978,0.48252304847153393,-0.1184053375722709,-0.45647730564752953,-0.40988560024876675,-0.5375680769673268,0.3897039298508922,0.6143102203589157
73,0.1796522291313638,-0.18565691330168788,0.4473768977651744,-0.6755026966214224,0.6990602262360772,0.14315555001908953,0.07332275376867003,0.4918030794008488,-0.7294140849050514,-0.7611823260509418,-0.3880542672012721,0.514502571231257,-0.13418813829920895
74,0.047400518745216225,-0.08558692843886839,0.4473768977651744,-0.6755026966214224,0.6990602262360772,0.17359325282691684,0.07332275376867003,0.4918030794008488,-0.745971602006009,-0.7611823260509418,-0.3880542672012721,0.3029531630713047,-0.13402478264465367
75,0.047400518745216225,-0.08558692843886839,0.3444645128389152,-0.6755026966214224,0.6756172073042257,0.13772509981231562,0.12308208046546643,0.4918030794008488,-0.8334255199225511,-0.7522299724632313,-0.3880542672012721,0.36121999177391206,0.2121231660213705
76,0.8344266025442917,0.32144280964712024,0.315363825421501,0.8368755378021069,0.22747662950069292,0.9881834767970994,0.30874476863460276,0.796787855437123,-0.06865923369173133,0.7970619086708999,0.18242804979753724,0.5440757969843519,0.6599449392426431
77,0.4849697278554832,-0.5000555896156909,0.8645818214460497,0.5674703165356194,0.7109070611887685,-0.10280673364917048,0.8398590883985984,-0.751937210429352,0.25509455424767724,-0.7159990272943315,-0.35911160289816824,0.7393400401562054,0.9185604737719315
78,0.08811602853761547,-0.08558692843886839,0.4473768977651744,-0.6755026966214224,0.6990602262360772,0.43540671441236944,0.07332275376867003,0.5066849190205416,-0.9322137868983731,-0.7611823260509418,-0.3880542672012721,0.32736271029724806,0.007723401778628514
79,0.047400518745216225,-0.06695059568628126,0.4473768977651744,-0.6755026966214224,0.6990602262360772,0.2452553127909276,0.12308208046546643,0.5166016444745041,-0.8739510218932764,-0.7522299724632313,-0.3880542672012721,0.39702561648358436,-0.16495074745001537
80,0.8117715202655631,0.5214303831388138,-0.16964149799646022,0.7306137657927343,0.3107398002634476,0.4379044139571857,0.08915564403349174,0.4777967947823476,-0.587928752684945,-0.6169004627009698,-0.7457452850520232,-0.2949622943378889,0.18106659418736681
81,0.33624427311300553,0.5237483644101733,0.7185848862134787,-0.9405844173512226,0.6147282574926924,0.8655856814782767,0.5658809972785708,0.11680693408393972,0.031711833610987616,0.5497539169976557,-0.8618076030956794,-0.3380141276250448,0.49927438703391247
82,0.53570739275198,0.16063756144126184,0.8413622230915987,-0.117783928687486,-0.540940433630497,-0.5387073235172388,0.29733670761179276,0.8617886001476522,0.34449525657136326,-0.96112697742662,0.4193072009373422,0.26145706312970796,0.14710388441517064
83,0.4981247780316085,-0.6157265808543608,-0.7945572816051365,-0.826201954132564,-0.996216645589802,0.44563061056654196,0.6923813676288184,-0.6699010835115464,-0.2387632466047045,-0.9740081877130378,-0.05185816598861637,-0.2749471750261996,0.06537566182839694
84,0.540792642196879,0.2938708113567403,0.038705282315820044,0.48762723044387024,0.599378558405224,0.8559662822609675,0.5240404029587262,0.12617619049271966,0.8623251316689808,0.33793008868750585,-0.17897631423094462,0.43479286740547374,-0.2434658342043352
85,0.2692345174799424,0.09862163705089655,0.8802186714785456,0.06485364554503059,0.4923367923757507,-0.724572215957672,-0.04867577468626849,0.35932350269268465,-0.283479019419254,-0.015329255321448576,0.02058102383393212,-0.012343855767264378,-0.04685289227645084
86,0.5258825712988575,0.08701198838918911,-0.8706407310728541,0.23430339627352148,-0.06097106154695231,0.3440323349220855,0.27196549733819775,0.5561442483765549,0.9942689702317957,0.05618576213854576,-0.7187813557686151,0.8368657769795496,-0.9772249980202508
87,0.595294995625745,0.8030907153738771,-0.7275293540327503,0.18698366228131724,-0.6937810375335167,-0.0994888134899472,-0.655015465703676,-0.4109712850289622,-0.6000031423832914,0.5527779487846849,0.25768785068734545,-0.27828449945393396,0.00782319174472601
88,0.09358342513239548,-0.8643292702689562,-0.49540699195908644,-0.26609022418775186,0.27602228526984884,0.0679396771971379,-0.26540228503488716,-0.01877047451888303,-0.12134583866052906,-0.2278226354858186,-0.7168535432238936,0.07302797299544994,-0.7271433486479846
89,0.8088604495940228,-0.08480269552748143,-0.3712872635895468,-0.37110708321512687,-0.29550254145014554,0.049770316748026344,-0.9627847038506794,0.8459121396760751,0.20908867266878106,-0.9403686809971179,-0.5768107648157832,0.7872159257008751,0.8585850759116489
90,0.8327996965195765,-0.16656769794865434,-0.5088077115123961,0.8562981496742375,0.4018585015138181,0.8223904042830656,0.32713291658985266,0.04043224555953806,-0.6087447528692145,0.6027006308213967,-0.2835265569515988,-0.9157606071232203,0.10117262987561237
91,0.35967235187974333,-0.8713331465793364,0.6851624019820752,-0.228703409173048,-0.551705878180778,0.3208408264219762,0.4730398878469404,-0.4519071973877937,-0.9206899511180999,-0.37742775052987865,-0.13412867359206526,-0.5670324864572311,-0.09548887965312458
92,0.03980914470050956,-0.1893363899592142,0.600849471478754,-0.06831350081682874,0.5686069048170919,0.33049823325611194,0.07164168082791988,-0.6889150065704461,0.4232251417340527,0.6986967472173784,-0.4888581738532305,-0.3250358801584119,-0.2524412793881865
93,0.40201869343944385,0.16076208686904425,0.6706343271116717,0.7370463079726695,0.1503487437924067,-0.0756094425585554,0.7436408040648685,0.8772736681666053,-0.7503811437792967,-0.30352764446937264,-0.8423140917206187,0.5511829875434091,-0.23762894750714958
94,-0.2045060202039044,-0.5245173013183217,-0.23670626972275444,0.2604713899785427,0.21059052138004142,0.4163346691272751,0.9012670928406386,0.13782612071601208,0.6908951001601034,-0.7900477792128962,0.3611557475288272,0.5537745817059967,0.12143560357209804
95,0.9994178173347346,0.21805761551002267,0.3160613473841192,-0.6138433620575965,-0.007309685524198306,0.2480778500987868,-0.733953464091849,0.7464133118642373,-0.161351277873514,0.9901971282722972,0.5513313505078081,0.3969571598604207,-0.05532748170643598
96,0.06291499515980425,-0.9321152015496226,-0.17816323421267977,-0.5089139223618926,-0.47960180343165093,-0.29236778176420186,-0.36557169807341516,-0.2532596795856772,0.5191251875905938,-0.2468820240167766,0.4236467621580746,-0.0029890608190783485,0.3036927220064016
97,0.9943361078092152,-0.6093200085584891,0.5335331389918734,-0.36335282146747927,-0.5354535847163677,-0.759630662386509,0.6358699037669249,0.45283530075172407,0.7769145305091942,-0.6837892839614719,0.5700585011544717,-0.46667278265269574,0.1502387632189588
98,0.8709634725990896,0.11411304338017625,-0.5371106350566659,0.11579335259694612,0.9709971810232594,-0.8766950349791769,0.1519677288989012,-0.6997211170332907,0.2604154606713873,-0.12577375619093867,-0.7127787648757862,0.3395930885892928,-0.4633996979612989
99,0.18276010491248185,0.05534236168839146,0.6388958932788176,-0.42545603506745744,0.6844776567341073,0.14315555001908953,0.17035462932091017,0.38465931249691465,-0.8425486067332129,-0.728935045402844,-0.28053172583377606,0.7900333868594924,-0.18110135389819026
100,0.595294995625745,0.7053984678614054,-0.7275293540327503,0.10393764672326089,-0.6937810375335167,-0.14038756852040746,-0.9260316209774859,-0.4109712850289622,-0.5846278479322391,0.9517554572179616,0.20919033363508,-0.27829722525707234,0.00782319174472601
101,0.6295591083317507,-0.6248157103690855,0.46243387498331545,-0.5448488794029256,-0.11651728088200963,-0.7347140221972712,-0.9762522948709671,0.516538365841936,-0.8822566909591008,-0.363601288120311,0.1639348525511657,-0.05571963529783752,0.4430984493413437
102,0.9977531653145735,0.3542340844360905,0.301340212814011,-0.5959488392471208,-0.22214508622916562,0.08807920079113996,-0.8050141042700676,0.6393568754339525,-0.161351277873514,0.9962670600568093,0.5513313505078081,0.4012863520657881,-0.06215636753093334
103,0.3467359755227346,-0.11731492196873017,0.8095208270319909,0.48332389648195084,0.8294211329612335,0.7816255873204279,0.6209146323029398,0.6161748839604935,-0.5352122104962245,-0.8260297643428247,0.03823109049683571,-0.03031099371338475,0.15903541840227065
104,0.08864820985589583,0.49943884564197605,0.12270717376990503,-0.2106922532585811,0.8549113350428592,-0.8271753980608034,-0.881587075379253,0.6675137805400457,0.5557666132779884,0.7895128842314916,0.8575965057746628,-0.009006536113704389,0.31393233128709297
105,0.3013166459601748,0.3006795913142266,0.152891531130664,0.6975050220831349,0.7128853553353887,0.229521520725106,-0.9280970047160491,0.06286387315103781,-0.3743421562517948,0.3332053454000701,-0.4950856431844006,-0.31028286494418555,-0.6144156552670077
106,0.07960365042756634,-0.20091151404356644,0.6383738193471593,-0.6755026966214224,0.7335289885951344,0.14315555001908953,-0.05426110273584661,0.4918030794008488,-0.739498997107237,-0.9587141965370949,-0.5716242066261843,0.7720280001464455,-0.21152792709080082
107,0.6973191458164123,-0.17712442632374392,-0.5971317576594015,-0.2321482094631102,0.053700901537325985,-0.9466676781591421,-0.483508929810917,0.22915720518146476,-0.6884505220579846,-0.7407465666319271,0.1280606647801492,0.8973160291718707,0.018497200014913506
108,0.33624427311300553,0.5237483644101733,0.7185848862134787,-0.9405844173512226,0.6147282574926924,0.8655856814782767,0.5809625838146442,0.11680693408393972,0.02353076392333442,0.5497539169976557,-0.8618076030956794,-0.3380141276250448,0.5001539352140727
109,0.13812063602088953,-0.4285099186978587,0.9164247881903953,0.3388063382749582,0.9493095891620174,0.08397093985959603,-0.23103043740146378,0.3062661228636405,0.5914106601239033,-0.9080590052317727,-0.926458433243843,0.23610832377955004,-0.8995576000741374
110,0.3136250196181556,0.6025270775191445,-0.3433171638859822,0.412141247529638,-0.9405887782011289,0.4655454503380245,-0.04247072294897536,0.029856876836666713,-0.8492575241285405,-0.49649068535226615,0.38791145268993477,0.9567362457527473,0.6266449293608949
111,-0.46307922117469547,0.6318098300115123,-0.06315280759811115,-0.8993466458967943,-0.11779818250236929,0.0446283772597349,0.8860070399086322,-0.7735664128540607,-0.6603509216515222,0.2035980554784318,0.9711661280610977,-0.8454910416715327,-0.9556779591977984
112,0.8344266025442917,0.24135917075646462,0.29497098742598804,0.8368755378021069,0.3362464071611655,0.8642277150860087,0.2805746135913829,0.796787855437123,-0.06865923369173133,0.7970619086708999,-0.28534668359179705,0.7001033208138037,0.6901176577152079
113,0.33941515369737485,0.0042340062328676265,-0.44816102697519944,-0.8791372387183012,-0.32587409780594556,0.4027040385538321,-0.8721465143756897,0.9383646479700269,0.9297655996374001,-0.09976628811069244,-0.6657342158088033,-0.9642419470350374,0.5893458238232563
114,0.7613913131122334,0.09218633363891948,0.6130879393796984,-0.29167911003601277,-0.9990974668021719,0.6952474818434489,-0.3653703339597474,-0.7125235023598162,-0.44030942493567604,0.32351989699663175,-0.5195998876525283,0.4071323144804486,0.04269625620181072
115,0.45498721067977455,0.7495788643069747,0.0621104787492861,0.3850539319231623,-0.5308275233832136,-0.7797597111470649,0.1194963606659023,-0.28921383724645855,0.34797528866582716,-0.8839309542796769,0.24359701968083547,-0.8497940272441762,0.15381556439735022
116,0.40632000710963934,0.6034740467874549,-0.7129291629635215,-0.9228329329609297,-0.14757037709297927,-0.2563412328419148,-0.09849717802895452,-0.5475336345983086,-0.25095402099630637,0.9689550346373004,0.6687575977703253,0.5050257500215802,-0.516201614855446
117,-0.21146606625329434,-0.23391701085182137,-0.45222692105235973,-0.3946501879479025,-0.9418333032208659,0.885274815586705,-0.8516614713936645,-0.5352151950093538,-0.7225440333355593,-0.5942823175638268,0.538793557298566,-0.5422382460897182,-0.3526087986560733
118,0.3245420824578278,-0.08558692843886839,0.4473768977651744,-0.6755026966214224,0.6990602262360772,0.43540671441236944,0.07332275376867003,0.4918030794008488,-0.7034119529054574,-0.7611823260509418,-0.3880542672012721,0.32736271029724806,0.09003249980251793
119,0.13881321316438977,0.6638415556394524,-0.5903318194121412,0.537867373688141,0.8873089614953458,-0.1380095616733663,-0.6860199981708863,-0.3962730664979808,-0.6779484435273266,0.018532713648059307,0.015227301907222435,-0.6618421559933321,-0.44076308722131974
120,0.12828581989543308,0.09589664245072504,0.5016679251207703,0.8067167980942034,-0.022675977907589795,0.8148498531550841,0.6700392742167189,-0.9908308244899049,-0.7123279622070042,0.8539813170328479,0.25085220795021,-0.05833627929747376,0.28751985746715536
121,0.5939882814773063,-0.01742084524657317,-0.6488761351724797,0.13902853450805153,-0.8354396301082743,0.7096281380336917,0.6675066716723494,0.0836620629887117,0.15493582350340818,0.17957618358540062,0.8677197751838537,-0.5849058747099172,0.23736568720661566
122,0.3639036315580124,0.29124258455929763,-0.370575925357463,-0.4200497951286297,-0.6384137387083024,-0.8202862847892853,-0.43578733272699144,-0.9539760718525616,-0.2346328765240775,-0.604214313420895,0.15783865366357142,0.44477912695751676,0.03827213878702107
123,-0.14743589894056508,-0.08558692843886839,0.3444645128389152,-0.6755026966214224,0.6836956360358968,0.2165542263321183,0.12308208046546643,0.4918030794008488,-0.8334255199225511,-0.7522299724632313,-0.3880542672012721,0.36121999177391206,0.2121231660213705
124,0.6729942999618239,-0.884253919519383,0.43725679434106257,0.029977309329707102,0.9665999404383596,-0.20084404297064706,0.25567575588387914,-0.33028683229086253,-0.13304497227698908,-0.5983894306201702,0.9259548506417168,0.6315730755579949,-0.8365695169022307
125,0.6538776335101113,-0.758596629135907,0.01613410596587017,0.32142523508651544,0.668133235790934,0.33083181263754424,-0.5302813659583496,0.7614809174953319,0.18988093403384587,-0.36695637725893415,-0.44686069945268003,0.9179566646020509,-0.881620461530721
126,0.6421433957023985,-0.6688770179233567,0.8119519634958521,-0.44929507409300684,-0.815209570402718,0.5325310358427777,-0.3553764675586244,-0.33501054341265735,-0.6803371236643081,0.39549794415491424,0.2906086605250775,-0.24724236976732294,-0.4853072330428545
127,0.6421772144147759,-0.19822477482470569,-0.5971317576594015,-0.2321482094631102,0.053700901537325985,-0.9466676781591421,-0.483508929810917,0.24701257715777292,-0.6884505220579846,-0.7411018463826875,0.1280606647801492,0.8973160291718707,0.018497200014913506
128,0.6216183501477666,-0.735096873381405,0.1788310104442592,0.6244722039174546,0.5253769758054081,-0.3625152244560519,0.48252304847153393,-0.1184053375722709,-0.45313836253330875,-0.40988560024876675,-0.5375680769673268,0.44674503513617636,0.6143102203589157
129,0.10725933744917815,-0.2557006088826741,0.18448374158082248,-0.37559194203368373,-0.7693757477733709,0.9017099105549244,-0.657447018711312,0.4546455497874189,0.6120789247395237,-0.4392465071758125,-0.2567820573713948,-0.662506111396584,0.009265404511433317
130,0.6216183501477666,-0.7335390610477779,0.1788310104442592,0.6244722039174546,0.5253769758054081,-0.3625152244560519,0.48252304847153393,-0.1184053375722709,-0.4409651072066656,-0.40988560024876675,-0.5375680769673268,0.44674503513617636,0.6143102203589157
131,0.5013598634555307,-0.5265866127741143,0.280952407102411,-0.16929781881565154,-0.7740854517315363,0.9611179097132474,-0.4585167780419772,0.29652757916988803,0.8122940153008502,-0.13131214914293476,-0.1583234502963824,-0.7026662143377971,-0.13472157495136017
132,0.453627800063378,-0.5976075424881808,-0.02337757410654273,0.4745693800463846,0.5165444789807485,0.7137910492921313,-0.6703994541757698,0.9024681227614508,0.5692873026469292,-0.5226805790845213,-0.38731277155156074,-0.5786920858455649,-0.7954037482673659
133,0.047400518745216225,-0.08558692843886839,0.572158766109218,-0.7320679220892607,0.6649999704416831,-0.1017385019089776,0.0037874805738100648,0.4918030794008488,-0.745971602006009,-0.7611823260509418,-0.3880542672012721,0.6478980522494191,-0.14046390516507246
134,0.8911763411710711,-0.352978237105134,-0.8909464443918265,-0.017404633301245198,-0.7678077830101555,-0.7230754906638548,0.5342131002310182,0.7989013390973561,-0.406718766189861,0.6438911411718446,0.21827364968321494,0.8666154364404857,-0.9848528865719033
135,0.08864820985589583,0.6356431953742228,0.12270717376990503,-0.1195281597224429,0.8549113350428592,-0.335592063731438,-0.723671226977675,0.6675137805400457,0.22214764200746928,0.7897348967220696,0.8575965057746628,-0.0747921575380166,0.36060328125529484
136,-0.1197849855041122,0.16431468193414966,0.062017492916083716,0.12338106989394615,-0.9419550965616381,-0.9853805607789994,-0.8406356945846347,-0.492673377960009,-0.5780082382671852,0.20683265867859357,-0.40550879228116976,-0.4939935156564321,0.01679040335417703
137,0.4448936504095713,0.6692460874942534,0.0621104787492861,0.23244706500727008,-0.5308275233832136,-0.7797597111470649,0.1194963606659023,-0.23510180232721445,0.34797528866582716,-0.8015800274088831,0.23791192331206767,-0.8497940272441762,0.15381556439735022
138,0.6216183501477666,-0.735096873381405,0.1788310104442592,0.6244722039174546,0.5253769758054081,-0.3625152244560519,0.48252304847153393,-0.1184053375722709,-0.4409651072066656,-0.40988560024876675,-0.513078578766905,0.44674503513617636,0.6143102203589157
139,0.8435114962941272,0.35686813677839613,0.315363825421501,0.924488606727365,0.34316031412077863,0.8642277150860087,0.14848745330852986,0.629108412773355,-0.06865923369173133,0.7970619086708999,0.09554210297321042,0.7532445724334247,0.6243174827351972
140,0.425831871194293,0.09176160002660927,0.8413622230915987,-0.117783928687486,-0.540940433630497,-0.569296225542604,0.29733670761179276,0.7710558350787393,0.4257006073829779,-0.9719979852185705,0.4193072009373422,0.3670416753789809,0.0907375537214199
141,0.3467359755227346,-0.11731492196873017,0.9009008958776528,0.4570578582458318,0.8294211329612335,0.6353735891496943,0.8228190742912926,0.6161748839604935,-0.5000021528976295,-0.8883738420363572,0.03823109049683571,0.0017093653299928846,-0.09524375419689957
142,0.28161448469431605,-0.08245761579284605,0.6855034124961392,-0.5053601125942313,-0.15867760437178835,-0.8301808176218635,-0.32185982671039404,-0.8145853340996809,0.07452534594275617,-0.5056066484928112,0.22065521551572087,-0.07046778358116401,-0.7465857590719711
143,0.08864820985589583,0.6356431953742228,0.12270717376990503,-0.1195281597224429,0.8549113350428592,-0.335592063731438,-0.7994761803991581,0.6675137805400457,0.5672999118692099,0.8973449847648793,0.8930789164939839,-0.009006536113704389,0.2159914121142963
144,0.8709634725990896,0.11411304338017625,-0.5371106350566659,0.11579335259694612,0.9709971810232594,-0.8766950349791769,0.1519677288989012,-0.6997211170332907,0.2604154606713873,-0.12577375619093867,-0.7034414294685376,0.3395930885892928,-0.4633996979612989
145,0.3467359755227346,-0.11731492196873017,0.8028006007994288,0.5209705511653295,0.8294211329612335,0.7501618078460983,0.6537596224180453,0.33840417393508804,-0.5481061906734541,-0.6465256407408608,0.03823109049683571,-0.03031099371338475,-0.10885150268504917
146,0.1796522291313638,-0.08558692843886839,0.4473768977651744,-0.6755026966214224,0.6990602262360772,0.14315555001908953,0.07332275376867003,0.4918030794008488,-0.7101043764129968,-0.7611823260509418,-0.3880542672012721,0.514502571231257,-0.13418813829920895
147,0.8088604495940228,-0.10767325617092771,-0.3712872635895468,-0.37110708321512687,-0.5286509297924686,0.049770316748026344,-0.9627847038506794,0.8459121396760751,0.20908867266878106,-0.7978622399358379,-0.5768107648157832,0.767003207853505,0.83288870283284
148,0.18276010491248185,0.05534236168839146,0.6388958932788176,-0.42545603506745744,0.7299223280825118,0.14315555001908953,0.27109715813603374,0.38465931249691465,-0.8425486067332129,-0.728935045402844,-0.2743381388367421,0.7900333868594924,-0.2680757996414782
149,0.12389357760574393,-0.36756808713051803,0.20412280899965918,0.7026420403066034,-0.8660625170014373,0.8710945359251119,0.8271658757149767,0.8053618818529296,-0.6120129712042921,0.8582962118081265,0.3913759511519157,0.8728063492515457,-0.706098672613725
150,0.6945269755545205,0.6391491792963484,-0.41102085355811746,0.7241439290162326,-0.9348076861640058,0.4112129442975525,0.3987067824765933,0.36343559344236276,0.5374903613879207,0.26064528372093676,0.08608648090865145,0.22099695298436672,0.10333566901429236
151,0.5414645065997326,-0.2356025686285228,0.5027256717137243,-0.00518064273748764,-0.5457918160435964,-0.5948704330848964,0.5534757587716486,-0.8270488282429105,0.891582674072215,0.03668805019029864,0.31574911326760935,0.8824720787509377,0.3417969395467886
152,0.12086206117915332,0.0054034075709115115,0.5016679251207703,0.651708564864647,0.018862206480521948,0.8148498531550841,0.8166307165192146,-0.9926753248845843,-0.7201025312057809,0.9854460702490493,0.24595961326736582,-0.18680037850738063,0.29768635803600807
153,0.3639036315580124,0.29124258455929763,-0.370575925357463,-0.4200497951286297,-0.6156494319257861,-0.8202862847892853,-0.43578733272699144,-0.9539760718525616,-0.30505084797076987,-0.604214313420895,0.30635661001430226,0.44477912695751676,0.03827213878702107
154,0.08811602853761547,-0.08558692843886839,0.4473768977651744,-0.6755026966214224,0.6990602262360772,0.43540671441236944,0.07332275376867003,0.5066849190205416,-0.9322137868983731,-0.7782355818858302,-0.3880542672012721,0.32736271029724806,0.13088914813788333
155,0.33624427311300553,0.5237483644101733,0.7185848862134787,-0.9405204022321776,0.6147282574926924,0.7892211352185619,0.5658809972785708,0.06569609541024124,0.031711833610987616,0.4856209982570294,-0.8618076030956794,-0.3380141276250448,0.6502669277644364
156,-0.12677097747242172,0.3013349308416613,-0.29401750039603614,-0.32451782141598784,0.9906078736781683,-0.1642437877631353,0.7395520459305882,0.8569069224845265,-0.484764647738545,0.08638868326031512,0.08770641031411386,-0.5611626995783294,-0.3913485139181472
157,0.22902790968205444,0.3006795913142266,0.152891531130664,0.6146813943895779,0.7128853553353887,0.20526229035400867,-0.9280970047160491,0.06286387315103781,-0.3743421562517948,0.3332053454000701,-0.5377316265081167,-0.31028286494418555,-0.6144156552670077
158,0.08811602853761547,-0.08558692843886839,0.4473768977651744,-0.6755026966214224,0.6990602262360772,0.4354109667800101,0.07332275376867003,0.4918030794008488,-0.7844826280627837,-0.7611823260509418,-0.3880542672012721,0.32736271029724806,0.007723401778628514
159,0.37563240937320486,-0.9871301245480133,-0.054901408019744746,0.5588329218414942,-0.6354232332849361,-0.42608189481863756,0.14154096711566821,-0.38736707954921656,0.9916044250972587,-0.32451429234912377,0.2672316927982037,0.18020772343333036,-0.3203608029144138
160,0.4448936504095713,0.6423833684197329,0.0621104787492861,0.23244706500727008,-0.5666999113010416,-0.7797597111470649,0.1194963606659023,-0.23510180232721445,0.34797528866582716,-0.8015800274088831,0.40415126313817495,-0.8497940272441762,0.15381556439735022
161,0.3235372018065976,0.11818132258996106,-0.9186152349749312,0.8533687409091284,-0.7862247927049857,-0.260081379083799,0.6176837845009144,-0.961786527593562,-0.6278247703605555,0.6980882586476451,0.2036512751951549,0.8475462259859277,-0.9401606352272771
162,0.3467359755227346,-0.11731492196873017,0.9009008958776528,0.4155099287473476,0.8294211329612335,0.6353735891496943,0.6672831777880743,0.6191379272952158,-0.5000021528976295,-0.8883738420363572,0.03823109049683571,0.0017093653299928846,-0.09524375419689957
163,0.4537130437048129,0.9977896889533238,0.0621104787492861,0.3850539319231623,-0.5308275233832136,-0.7797597111470649,0.1194963606659023,-0.23510180232721445,0.34797528866582716,-0.8431219755037065,0.23791192331206767,-0.8497940272441762,0.15381556439735022
164,0.12828581989543308,0.11683937211474715,0.511500629089229,0.8067167980942034,0.052864341026619854,0.8148498531550841,0.4984495178629069,-0.9987128756965789,-0.7123279622070042,0.8539813170328479,0.25085220795021,-0.05833627929747376,0.5675397060596759
165,0.6310301141423253,0.38301087245034493,-0.1470427691431173,0.7113517447555322,0.46558563651006235,-0.47180551235593704,-0.14691843508211844,-0.7699215104639465,-0.380058342914777,0.2308221119382412,0.3298800302690321,0.4293409730930229,-0.35386042720026367
166,-0.02930382215311056,0.05534236168839146,0.6761458502288127,-0.5491626195878516,0.6990602262360772,0.14315555001908953,0.1507754877288714,0.38465931249691465,-0.7377322886754643,-0.728935045402844,-0.44857757201877413,0.7900333868594924,-0.18110135389819026
167,0.11451186478825548,0.6266654430979584,-0.4507874466242743,-0.29337910612036944,0.4656303338576677,0.6051615042668004,-0.008811265350147757,0.16529986243995998,0.49929666078351187,0.4965107402594746,0.04169286115524562,-0.5004554409037776,-0.09438566610510657
168,0.07022871311706824,-0.05665612106313023,0.4473768977651744,-0.6755026966214224,0.711443114475317,0.12147290037942948,0.0510343017194832,0.502763914956621,-0.745971602006009,-0.7630433306673701,-0.38993337007107876,0.7720280001464455,-0.03430132324830404
169,0.7087575524644947,0.25742770598059406,-0.17008237269887072,-0.7413500263820045,-0.3972305861614376,-0.42010082206603316,0.7705579313126623,0.8551945895213493,0.3943242474286157,-0.7763743756214516,0.9157964640603142,-0.6950382457827036,-0.6155180943071614
170,0.9997746625578756,-0.009810128706597698,0.3240421803409199,0.9361006423226526,-0.041485401548276846,0.7091308327466499,0.00870859836177118,0.9950924823251477,-0.9180118621646933,-0.45783993562516123,0.7920367304217126,-0.1579222398724578,0.8714032175024669
171,-0.13562397286745287,-0.042257383917489344,0.40743637167726754,-0.6320863225386033,0.6990602262360772,0.14315555001908953,0.12308208046546643,0.6070720745508211,-0.9508222492876499,-0.8366982668230314,-0.3401283426290511,0.40071873807956826,0.0440838247868911
172,0.13881321316438977,0.9796915468312499,-0.5903318194121412,0.5720781880233548,0.9177947338906951,-0.1380095616733663,-0.6860199981708863,-0.6210146280516933,-0.6779484435273266,0.018532713648059307,0.15701481674270767,-0.7809932275832718,-0.44076308722131974
173,-0.2245651839102465,-0.23391701085182137,-0.45222692105235973,-0.40813567412894214,-0.9039891108019971,0.885274815586705,-0.8516614713936645,-0.6225415465573927,-0.8585753128477731,-0.7243551412753877,0.2718379560979254,-0.5422382460897182,0.18356709313822006
174,0.4537130437048129,0.8168524435053872,0.049976925682738704,0.41606587941405637,-0.5308275233832136,-0.7797597111470649,0.17875246891796603,-0.23510180232721445,0.34797528866582716,-0.8112134931730479,0.23791192331206767,-0.8497940272441762,0.15381556439735022
175,0.2692345174799424,0.09862163705089655,0.9193306649835766,0.02515515559336623,0.6331417850705219,-0.7026411477715473,-0.13056789846748362,0.43814084621389227,-0.283479019419254,-0.015329255321448576,0.02058102383393212,-0.012343855767264378,-0.04685289227645084
176,0.025500333231911254,-0.337599679285314,0.8410432967723793,-0.8467262357440684,-0.21648226133632376,-0.7790008000516431,-0.163767481047302,-0.3406616676275307,0.8854438850116988,0.27595051828800976,-0.9249952725890107,0.009126970648666077,-0.9857410368521189
177,-0.0657211629065273,-0.08558692843886839,0.6350049640193702,-0.7320679220892607,0.6649999704416831,-0.1017385019089776,0.0037874805738100648,0.4918030794008488,-0.745971602006009,-0.7611823260509418,-0.3880542672012721,0.6478980522494191,-0.14046390516507246
178,0.8709634725990896,0.16740992392339993,-0.5371106350566659,0.11579335259694612,0.9729539552350874,-0.8766950349791769,0.1873048623304534,-0.6997211170332907,0.2604154606713873,-0.12577375619093867,-0.6578953089348933,0.3395930885892928,-0.4633996979612989
179,0.10615208344960725,0.09589664245072504,0.5016679251207703,0.8331372840886986,-0.022675977907589795,0.8148498531550841,0.6700392742167189,-0.9831548181371457,-0.7123279622070042,0.8757343540172147,0.25085220795021,-0.05833627929747376,0.30108357376020756
180,0.6922600541011352,0.6365492690997889,0.35974069421587207,-0.6304918948128198,-0.604093539045695,-0.5133258392056426,-0.8358962063686242,-0.6783913165712301,-0.48680732716168795,0.10702758239538324,-0.6047115571978818,0.3109746262194608,-0.5756928025573891
181,0.4555707157742386,-0.35883040308172687,-0.4923575496867194,0.051246284592131985,0.5948760577759373,0.25841583249032696,-0.11012395773203099,0.6298364751870602,0.6482975403605185,-0.669780144716251,0.14540876657359614,0.9432870130312405,-0.013458199163935092
182,0.6310301141423253,0.2506388140859459,-0.4975285816050765,0.5889210631572308,0.46578390309827267,-0.47180551235593704,-0.09551155565249592,-0.7699215104639465,-0.39758683594075017,0.2308221119382412,0.3896257823374192,0.43320419461489923,-0.3174854921510257
183,-0.11939475158670043,0.16431468193414966,0.062017492916083716,0.12338106989394615,-0.9419550965616381,-0.9984883855362361,-0.8483966695420011,-0.492673377960009,-0.5780082382671852,0.20683265867859357,-0.40550879228116976,-0.4939935156564321,0.01679040335417703
184,0.1796522291313638,-0.08558692843886839,0.4210820908339554,-0.6755026966214224,0.6990602262360772,0.14315555001908953,0.07332275376867003,0.4918030794008488,-0.7101043764129968,-0.6624275949563827,-0.3880542672012721,0.514502571231257,-0.13418813829920895
185,0.10615208344960725,0.09589664245072504,0.5016679251207703,0.6943316484661921,0.13056301077366195,0.8148498531550841,0.6724124806209577,-0.9831548181371457,-0.7123279622070042,0.8757343540172147,0.25085220795021,-0.05833627929747376,0.30108357376020756
186,0.6216183501477666,-0.735096873381405,0.2283229191498366,0.8141292937665494,0.5414002567392984,-0.3493476009291978,0.48252304847153393,-0.1184053375722709,-0.45647730564752953,-0.40988560024876675,-0.5375680769673268,0.37015168319818326,0.6143102203589157
187,0.945558584819187,-0.8847539402808924,-0.540735541467176,0.18084149886749357,0.7648734463085691,-0.6700476191818787,0.1983536171197735,0.8629586007668604,-0.9819765499609736,0.9438281352717401,-0.9223016284734447,0.28891460295099525,0.08045597444500308
188,0.8709634725990896,0.22485823824369278,-0.5371106350566659,0.12876328226290257,0.9729539552350874,-0.8766950349791769,0.1873048623304534,-0.6997211170332907,0.2604154606713873,-0.14072396556146316,-0.6578953089348933,0.3395930885892928,-0.4633996979612989
189,0.36823713715419815,0.11818132258996106,-0.7911892766061672,0.9980576087404247,-0.71862378958838,-0.2472039441507068,0.38626619111815175,-0.8857509972955537,-0.6608373098874265,0.9403447447158888,-0.16485926727302402,0.767553376795572,-0.9544835694108691
190,0.2419912026782245,0.6935803300365491,-0.6487648489217681,-0.8775439089146309,-0.9983155364949059,-0.14909648096280392,0.8403400637422125,-0.5779021795469621,0.14719547183958914,0.1159653617090679,-0.3658597782363018,0.7514736949221255,-0.552989822975674
191,0.9670363650337359,-0.009810128706597698,0.2633596648934253,0.7768425204471698,-0.041485401548276846,0.6255749451279369,0.129996759774071,0.9837946585205335,-0.8601042124127909,-0.5749912124797423,0.7920367304217126,-0.1579222398724578,0.9629597734673596
192,0.3639036315580124,0.29124258455929763,-0.370575925357463,-0.4200497951286297,-0.6384137387083024,-0.8202862847892853,-0.5012547410455312,-0.9539760718525616,-0.2346328765240775,-0.604214313420895,0.15783865366357142,0.44477912695751676,0.03827213878702107
193,0.1984974717251473,-0.16935962762230572,0.9420982847488562,0.8896180004302621,0.6303317824042327,-0.5935180978768257,-0.6627450729239119,-0.7759861533893859,0.9714263390749878,-0.48350431223928414,0.30741678608284007,-0.7869351525060511,0.49495909197095567
194,0.3095287360364405,0.7883330483780564,0.6984811702395215,-0.37210522424687675,0.40300534014767764,-0.9074020548973571,0.17924504561951116,0.011670702714256187,0.8581169069737968,0.3928617937364922,-0.25277467855857605,0.9549351531574484,0.9650517680673907
195,0.8173465842780705,0.32144280964712024,0.315363825421501,0.8368755378021069,0.22747662950069292,0.7950701968738518,0.07509135137539147,0.796787855437123,-0.06865923369173133,0.7970619086708999,0.18242804979753724,0.5440757969843519,0.6599449392426431
196,0.9660633768096769,0.1817743491521937,-0.8794420323912011,0.35301831856290056,0.17741573907669816,-0.07272794228511392,-0.4153188748979735,-0.3951807188279193,0.6753325632838656,-0.5068036094824535,0.1704750499927481,-0.6060169338933652,-0.1600664155271485
197,0.8173465842780705,0.32144280964712024,0.2881927095020198,0.8368755378021069,0.22747662950069292,0.9881834767970994,0.30874476863460276,0.7531069290659929,-0.15035251046696518,0.7970619086708999,0.18242804979753724,0.2497240462521555,0.6599449392426431
198,0.4448936504095713,0.6692460874942534,0.0621104787492861,0.23244706500727008,-0.5308275233832136,-0.7797597111470649,0.1194963606659023,-0.23510180232721445,0.34797528866582716,-0.8015800274088831,0.23791192331206767,-0.8497940272441762,0.08726234804264599
199,0.6620812099047444,0.8201869807220465,-0.7275293540327503,0.18698366228131724,-0.8012162325116445,-0.10898822879435688,-0.655015465703676,-0.5816846652303458,-0.6000031423832914,0.5527779487846849,0.25768785068734545,-0.4781457136702054,-0.00799506259715721
200,0.7112650025481346,-0.08480269552748143,-0.3712872635895468,-0.37110708321512687,-0.5058740397647703,0.049770316748026344,-0.9627847038506794,0.9096684319456767,0.20908867266878106,-0.9403686809971179,-0.5768107648157832,0.7403578249271747,0.8585850759116489
201,0.08864820985589583,0.6356431953742228,0.12270717376990503,-0.1195281597224429,0.8549113350428592,-0.335592063731438,-0.7994761803991581,0.6675137805400457,0.5672999118692099,0.7991807405913112,0.8420809021743856,-0.009006536113704389,0.11757661970714417
202,0.47214575934935965,0.16076208686904425,0.6706343271116717,0.7370463079726695,0.1503487437924067,-0.046702852633525804,0.7436408040648685,0.8772736681666053,-0.7503811437792967,-0.30352764446937264,-0.8423140917206187,0.5569401105655962,-0.23762894750714958
203,0.4877449630316333,0.043563962960469826,-0.15547452232420889,0.19956501776554947,-0.32565962491100175,-0.6538764090966758,-0.923952652978624,0.13884123777481316,0.8473132996318771,0.7939882817536734,0.6095637458732879,-0.11711457622014132,0.5212083270931542
204,0.453627800063378,-0.6981610134980603,-0.084399413009834,0.5180517853618511,0.582795628348614,0.754676935697921,-0.8082773592505617,0.920369564986564,0.5818577167379433,-0.8159869915122608,-0.38731277155156074,-0.7091556960281322,-0.7954037482673659
205,0.047400518745216225,-0.21098623360802748,0.572158766109218,-0.7320679220892607,0.6649999704416831,-0.1017385019089776,-0.08183805011719958,0.4918030794008488,-0.745971602006009,-0.7611823260509418,-0.3880542672012721,0.6478980522494191,-0.14046390516507246
206,-0.47287701855421704,0.7384853403502079,0.10292045104633307,-0.1702526250859795,0.23099322666049127,-0.5454943281809097,-0.8329453239365849,0.5403227293453681,0.8812709142003581,-0.28348166976246225,-0.1979774798001277,-0.6421614231733099,-0.18326197148340895
207,0.27308229758542035,-0.4143887822501975,0.9363014541460308,-0.6674875764385633,-0.5774003481082806,-0.5300170827736115,-0.3294823872111883,0.8559410801029532,0.31355570263303,0.8929094828369124,0.44912549467641893,-0.298038069461253,-0.027352200156903317
208,0.6216183501477666,-0.735096873381405,0.23143051627637168,0.6362563321839172,0.5253769758054081,-0.3625152244560519,0.48252304847153393,-0.1184053375722709,-0.45313836253330875,-0.40988560024876675,-0.5375680769673268,0.44674503513617636,0.6143102203589157
209,0.6421433957023985,-0.6688770179233567,0.7641538539265698,-0.44929507409300684,-0.8609440463327693,0.4922331085884857,-0.3553764675586244,-0.33501054341265735,-0.6803371236643081,0.39549794415491424,0.2906086605250775,-0.24724236976732294,-0.4853072330428545
210,0.3467359755227346,-0.11731492196873017,0.8020921281193616,0.5209705511653295,0.8294211329612335,0.7414645359275336,0.6537596224180453,0.617370882816054,-0.5352122104962245,-0.8260297643428247,0.09749661617912597,-0.03031099371338475,-0.10885150268504917
211,0.9128565346671356,-0.21357146454349274,-0.3712872635895468,-0.37110708321512687,-0.29550254145014554,0.049770316748026344,-0.9627847038506794,0.8459121396760751,0.20908867266878106,-0.9633076175341229,-0.6488388151468909,0.767003207853505,0.8585850759116489
212,0.6216183501477666,-0.7335390610477779,0.1788310104442592,0.628273367362622,0.5253769758054081,-0.3625152244560519,0.48252304847153393,-0.1184053375722709,-0.4409651072066656,-0.40988560024876675,-0.5375680769673268,0.44674503513617636,0.6143102203589157
213,0.21343465784581261,-0.08558692843886839,0.4473768977651744,-0.5973825729024813,0.6990602262360772,0.43540671441236944,0.07332275376867003,0.5066849190205416,-0.9322137868983731,-0.7782355818858302,-0.3880542672012721,0.32736271029724806,0.24504422923316316
214,0.0966372175544381,-0.08558692843886839,0.4473768977651744,-0.6755026966214224,0.5625908951735834,0.43540671441236944,0.07332275376867003,0.5066849190205416,-0.9322137868983731,-0.7782355818858302,-0.3880542672012721,0.32736271029724806,0.13088914813788333
215,0.6310301141423253,0.28188343595638865,-0.3343581780645466,0.7886537404449119,0.46558563651006235,-0.3645597767485078,-0.09551155565249592,-0.7699215104639465,-0.3381400523311824,0.2308221119382412,0.38093651727496725,0.371641226185782,-0.3174854921510257
216,0.6027615105845641,-0.6611880447324132,0.8642561127392436,-0.013327005806092584,0.32813178035261004,-0.2072936991037615,0.7752208708293469,0.148229006813406,-0.5959268921739123,0.4435857175471625,-0.6806370847856757,0.8078598724148012,0.821400334979351
217,0.8344266025442917,0.24135917075646462,0.29497098742598804,0.8368755378021069,0.3362464071611655,0.8642277150860087,0.2805746135913829,0.796787855437123,-0.06865923369173133,0.8360157759615752,-0.28534668359179705,0.7001033208138037,0.6901176577152079
218,0.047400518745216225,-0.14883438215872324,0.5605511719996958,-0.6755026966214224,0.6552887483051109,0.20983245856693045,-0.006477204992505703,0.4400043125744575,-0.745971602006009,-0.7611823260509418,-0.41598186368541734,0.49507262600942936,-0.03270647201732024
219,0.08864820985589583,0.6356431953742228,0.12270717376990503,-0.1965073353966893,0.8549113350428592,-0.335592063731438,-0.7994761803991581,0.6675137805400457,0.5672999118692099,0.8714276406326646,0.8575965057746628,-0.009006536113704389,0.2159914121142963
220,0.5826415196351615,0.08701198838918911,-0.8706407310728541,0.23430339627352148,-0.06097106154695231,0.3440323349220855,0.27196549733819775,0.5561442483765549,0.9942689702317957,0.10081103683263026,-0.7187813557686151,0.8368657769795496,-0.9772249980202508
221,0.9994178173347346,0.21805761551002267,0.3160613473841192,-0.6138433620575965,-0.007309685524198306,0.2480778500987868,-0.733953464091849,0.7464133118642373,-0.161351277873514,0.9901971282722972,0.5513313505078081,0.3969571598604207,-0.01175005201939694
222,0.6098513296643553,-0.8632311872592606,0.9101739114656597,-0.26355195088707917,0.32813178035261004,-0.14308577875893413,0.7752208708293469,0.148229006813406,-0.6673071473110916,0.1618754361564536,-0.6554227924154135,0.8078598724148012,0.8999266647099786
223,0.787577236425697,0.25742770598059406,-0.17008237269887072,-0.7413500263820045,-0.3972305861614376,-0.42010082206603316,0.7705579313126623,0.9110332136472368,0.3943242474286157,-0.7763743756214516,0.9157964640603142,-0.6950382457827036,-0.6155180943071614
224,0.7007738235993375,-0.8333346234261949,-0.3069806658408394,0.5180517853618511,0.582795628348614,0.754676935697921,-0.7375792623705992,0.920369564986564,0.5721576474317664,-0.8159869915122608,-0.3416368904605045,-0.6854585135850328,-0.7954037482673659
225,0.8716183852217496,0.32144280964712024,0.315363825421501,0.8368755378021069,0.22747662950069292,0.9881834767970994,0.30874476863460276,0.796787855437123,-0.06865923369173133,0.7221271580998141,0.18242804979753724,0.5440757969843519,0.6599449392426431
226,0.025045020910810623,-0.17838553136376345,0.14923554942676542,-0.03969554555664301,-0.6700468204208208,0.9758660781998394,0.6011278960653401,0.8670387435293607,0.08032852144706215,0.7413443638840784,0.6931925331565363,0.5500996481717009,-0.4771018741556057
227,0.7572056012889143,0.16740992392339993,-0.5371106350566659,0.23342559141585384,0.8477794446940288,-0.8766950349791769,0.1873048623304534,-0.6218688033630975,0.2604154606713873,-0.12506928258952144,-0.6578953089348933,0.312656716767878,-0.5070056439436383
228,0.8344266025442917,0.32144280964712024,0.315363825421501,0.7481149767651536,0.17255379661767245,0.9071906103581504,0.30874476863460276,0.796787855437123,-0.06865923369173133,0.8170782086204735,0.18242804979753724,0.6018350715649889,0.6243174827351972
229,0.5220332552117661,0.2938708113567403,0.038705282315820044,0.48762723044387024,0.599378558405224,0.8559662822609675,0.5240404029587262,0.12617619049271966,0.8623251316689808,0.33793008868750585,-0.015084758949983401,0.43479286740547374,-0.2434658342043352
230,0.9977531653145735,0.3542340844360905,0.301340212814011,-0.5959488392471208,-0.22214508622916562,0.08807920079113996,-0.8050141042700676,0.806427878089212,-0.161351277873514,0.9971094810998753,0.5513313505078081,0.4012863520657881,-0.06215636753093334
231,0.047400518745216225,-0.08558692843886839,0.4892265084058496,-0.8716237995746317,0.7084096500591661,-0.1017385019089776,0.15023939102300088,0.4918030794008488,-0.911719694689878,-0.7987623270562767,-0.3880542672012721,0.5771108339858146,-0.14046390516507246
232,0.311280875900356,-0.5441330638050554,-0.02337757410654273,0.4745693800463846,0.3725620777870724,0.7137910492921313,-0.6703994541757698,0.904590776572739,0.5692873026469292,-0.5481920728006091,-0.47796775549497794,-0.5786920858455649,-0.9635662185559573
233,0.047400518745216225,-0.12889564034962997,0.5074089630570371,-0.8321685596050119,0.6552887483051109,0.20983245856693045,-0.006477204992505703,0.4400043125744575,-0.745672860584208,-0.7611823260509418,-0.41598186368541734,0.49507262600942936,-0.03270647201732024
234,-0.5021922353030335,-0.653920193277866,-0.6022794834285166,-0.3759238939340437,-0.25183374982707685,0.6191831035211108,-0.6726415499920624,0.43950542658823144,-0.3849887588032137,0.6189864238416096,-0.7539002792830076,0.12476462178683612,0.9828392484655262
235,0.3095287360364405,0.7883330483780564,0.6984811702395215,-0.3932740940820778,0.40300534014767764,-0.9074020548973571,0.17924504561951116,0.011670702714256187,0.8531689977220887,0.3928617937364922,-0.25277467855857605,0.9549351531574484,0.9751423837175426
236,0.36823713715419815,0.11818132258996106,-0.8520761279254756,0.9192384615036218,-0.9124599795333181,-0.21656235881900265,0.6217464782737887,-0.9739219469666456,-0.7744478338794378,0.7126258391870237,0.1290545021817744,0.6798079871445517,-0.9473429680778669
237,0.8709634725990896,0.11411304338017625,-0.5371106350566659,0.11579335259694612,0.9709971810232594,-0.8766950349791769,0.114514537328543,-0.6997211170332907,0.2604154606713873,-0.32919068032624144,-0.7127787648757862,0.3395930885892928,-0.4633996979612989
238,0.3467359755227346,-0.14766213591978672,0.9009008958776528,0.2385401844558761,0.8968982966304004,0.6247618733942597,0.8228190742912926,0.45645343103372116,-0.5352122104962245,-0.8883738420363572,0.06292852587126951,0.0017093653299928846,-0.211042712583291
239,0.021154147999337347,-0.8643292702689562,-0.49540699195908644,-0.26609022418775186,0.27602228526984884,0.04985562434107149,-0.26540228503488716,-0.01877047451888303,-0.12134583866052906,-0.2278226354858186,-0.7168535432238936,0.07302797299544994,-0.7271433486479846
240,-0.13353588151797902,0.5671605703637861,-0.735933027289362,-0.7558560839938204,0.6621750287913086,-0.3348299235982999,0.9816830480832093,-0.8770286807873082,-0.8791879816252572,-0.007113773800588863,0.7373277007790804,-0.8405791772146656,0.2076283148655489
241,0.12012216033123524,0.11818132258996106,-0.9186152349749312,0.8533687409091284,-0.7862247927049857,-0.260081379083799,0.5860114266667136,-0.961786527593562,-0.6689961289848123,0.6980882586476451,0.13137257925822787,0.951460002609968,-0.9401606352272771
242,0.7194164982041658,0.6152928399814155,0.3054692990737833,0.6534207659990088,-0.5865750757724468,-0.39139486581147986,0.9376385278291204,-0.6769768501063631,0.19509744532956286,0.8967877147273018,-0.7410647045924301,-0.007566344823145332,-0.45310728753767515
243,0.0925608520336334,0.5624679742378234,-0.6189643754683245,0.5752478816476634,0.7377844482938303,-0.18072911204839848,-0.43777776595262563,-0.4697479191341831,-0.7075868897361073,0.3541756773227438,0.04689503229243153,-0.9796704699004362,-0.21496914759607888
244,0.40201869343944385,0.16076208686904425,0.6706343271116717,0.7995385835312714,0.1503487437924067,-0.0756094425585554,0.7436408040648685,0.8772736681666053,-0.7503811437792967,-0.24723764958781214,-0.8423140917206187,0.564808497339675,-0.23762894750714958
245,0.13812063602088953,-0.43035983980592296,0.9650757011545061,0.3388063382749582,0.9493095891620174,0.07487677734381837,-0.2713833928252243,0.3062661228636405,0.5914106601239033,-0.7771480363907572,-0.926458433243843,0.23610832377955004,-0.8995576000741374
246,0.6095245808471013,-0.08816059614468497,-0.4512739815351057,-0.7030901782450087,0.5326510897230785,0.03974889739788123,-0.11903365306139979,0.24886421721393615,0.016834884626420132,-0.5949383008481854,-0.2514258406599188,0.6860393658770889,-0.5530075334755518
247,0.4849697278554832,-0.5000555896156909,0.8645818214460497,0.5674703165356194,0.7109070611887685,-0.10280673364917048,0.8398590883985984,-0.751937210429352,0.25509455424767724,-0.915967206252464,-0.36864777894417156,0.7393400401562054,0.99415352632203
248,0.6965827839782515,0.38301087245034493,-0.1470427691431173,0.8447900821524066,0.5234790045284825,-0.47180551235593704,-0.03949616447508664,-0.7699215104639465,-0.3333965799068406,0.2308221119382412,0.38441554698443614,0.4293409730930229,-0.21585024411007092
249,0.3639036315580124,0.29124258455929763,-0.370575925357463,-0.4200497951286297,-0.6384137387083024,-0.8202862847892853,-0.43578733272699144,-0.9539760718525616,-0.32808649316201155,-0.2525302417187856,0.15783865366357142,0.44477912695751676,0.03827213878702107
250,0.021154147999337347,-0.7203963470026369,-0.49540699195908644,-0.4804057268192419,0.23770052101617822,0.04985562434107149,-0.26540228503488716,0.15997792926056276,-0.12134583866052906,-0.2278226354858186,-0.4315878975521821,0.07302797299544994,-0.9144552643568271
251,0.8709634725990896,0.17047911737183696,-0.5371106350566659,0.11579335259694612,0.9709971810232594,-0.8766950349791769,0.114514537328543,-0.6997211170332907,0.2604154606713873,-0.32919068032624144,-0.7127787648757862,0.3395930885892928,-0.316768093574439
252,0.4470494324984733,0.08701198838918911,-0.9863246390906875,0.31552127526740126,-0.33298728195958804,0.3438659647977944,0.27196549733819775,0.5202847755697453,0.9835138732511273,0.05618576213854576,-0.7187813557686151,0.8368657769795496,-0.6924901306288263
253,0.7613913131122334,0.07544841965878568,0.6130879393796984,-0.3486303671833517,-0.9990974668021719,0.6952474818434489,-0.3653703339597474,-0.6797915064684166,-0.44030942493567604,0.32351989699663175,-0.5195998876525283,0.4071323144804486,0.04269625620181072
254,0.07022871311706824,-0.04524744709517314,0.4473768977651744,-0.6755026966214224,0.711443114475317,0.12147290037942948,-0.15453767206643132,0.502763914956621,-0.745971602006009,-0.7630433306673701,-0.38993337007107876,0.7720280001464455,0.06670120027425486
255,0.8088604495940228,-0.08480269552748143,-0.41499321445745485,-0.37110708321512687,-0.29550254145014554,0.04949738723698904,-0.8747210762397308,0.951332945001435,0.25175011897116395,-0.9403686809971179,-0.5768107648157832,0.7588409498849089,0.8585850759116489
256,0.8088604495940228,-0.21357146454349274,-0.23401867012593924,-0.37110708321512687,-0.29550254145014554,0.09364595652451113,-0.8996940183397706,0.8459121396760751,0.20908867266878106,-0.9403686809971179,-0.5768107648157832,0.767003207853505,0.8585850759116489
257,0.3126261160039103,0.7647688886382722,0.6322425771313682,-0.3542301375092669,-0.014378953108373782,-0.9666455967545451,0.9758974101158546,-0.04806152559209287,0.7857923463804635,0.9598134601597164,0.2558020268459409,-0.6851611242018731,-0.42921128999682256
258,0.9748028115421246,0.7726484897616928,0.06768544130201981,-0.6153004136665865,0.06694199229015019,0.21653824966290292,0.39505300092101425,0.13297379449271762,0.864024871977729,-0.5036567635548961,-0.4796573389000107,-0.7345542049597404,-0.915325535503942
259,0.14524868693644355,-0.364079918760861,-0.3475169595936307,-0.8216763111917162,-0.17583481138906398,-0.11611256394348213,-0.16542678359569285,0.09942597245040097,-0.6294699626192368,-0.8630539424775234,-0.38339087206737243,-0.3482696564657559,-0.831255153079586
260,0.1796522291313638,-0.08558692843886839,0.4473768977651744,-0.6755026966214224,0.6990602262360772,0.2088212178680371,0.07332275376867003,0.4918030794008488,-0.7752031938112176,-0.8498664644332692,-0.3880542672012721,0.514502571231257,-0.13418813829920895
261,0.9943361078092152,-0.6224205240674605,0.5335331389918734,-0.36335282146747927,-0.5354535847163677,-0.759630662386509,0.6358699037669249,0.2284261654487667,0.7742354064729464,-0.6837892839614719,0.5700585011544717,-0.46667278265269574,0.1502387632189588
262,-0.2303794637311687,0.6653925496268689,-0.019844989308831718,-0.3460257112218923,-0.3625481435942157,-0.2163339818555845,0.629020043881261,-0.12264291830962915,-0.2821267833600729,0.5820918035084164,-0.9227821899827344,-0.4195078331108615,0.967849101800488
263,0.10615208344960725,0.09589664245072504,0.5016679251207703,0.7883083581868939,-0.022675977907589795,0.8148498531550841,0.6700392742167189,-0.9831548181371457,-0.7123279622070042,0.8757343540172147,0.25085220795021,-0.05833627929747376,0.30108357376020756
264,0.8327996965195765,-0.16656769794865434,-0.5088077115123961,0.8562981496742375,0.4018585015138181,0.8223904042830656,0.32713291658985266,-0.11574109620311601,-0.6087447528692145,0.6027006308213967,-0.37806893582316947,-0.9157606071232203,0.10117262987561237
265,0.0204608129055186,-0.08558692843886839,0.46509970286448366,-0.9752594788079947,0.7184066015077706,-0.1017385019089776,-0.01368067929108463,0.4918030794008488,-0.6161505523199629,-0.7611823260509418,-0.3880542672012721,0.6991534051999095,-0.14046390516507246
266,0.15550064912739714,0.9123722110822021,0.5281519193377111,-0.5960077462175637,0.47693942364583597,-0.19678163751597566,0.6685767259537962,0.10645550830060513,0.9967644388665724,0.5000377167020278,0.086954732804438,-0.9188031010046211,-0.5324772991368891
267,0.8709634725990896,0.11411304338017625,-0.5371106350566659,0.11579335259694612,0.9709971810232594,-0.8755765796530568,0.114514537328543,-0.6997211170332907,0.2604154606713873,-0.32919068032624144,-0.7127787648757862,0.3395930885892928,-0.33192386564194587
268,0.6216183501477666,-0.7304535640050751,0.1788310104442592,0.6244722039174546,0.5253769758054081,-0.3625152244560519,0.48252304847153393,-0.1184053375722709,-0.45313836253330875,-0.40988560024876675,-0.5375680769673268,0.44674503513617636,0.6143102203589157
269,0.04539003758605076,0.49943884564197605,0.12270717376990503,-0.2106922532585811,0.8549113350428592,-0.7873647857748867,-0.881587075379253,0.6675137805400457,0.7124258400945611,0.7895128842314916,0.8575965057746628,-0.009006536113704389,0.007165880742661335
270,0.561071520642618,0.5237483644101733,0.7185848862134787,-0.9405844173512226,0.6147282574926924,0.905060888102744,0.5658809972785708,0.11680693408393972,0.031711833610987616,0.5497539169976557,-0.8618076030956794,-0.3380141276250448,0.49927438703391247
271,0.7380960693562155,-0.519264799851223,0.36518471009570264,-0.7448355160688114,0.8439882548468316,0.9638936201345145,0.614179320232243,0.30324539297226494,0.1995244936460434,-0.8944717935566127,-0.5554110716752769,-0.5758721222726608,-0.23056074166056661
272,0.8489567088408505,0.6365492690997889,0.35974069421587207,-0.6304918948128198,-0.604093539045695,-0.5133258392056426,-0.8358962063686242,-0.6783913165712301,-0.48680732716168795,0.10702758239538324,-0.6047115571978818,0.3109746262194608,-0.5756928025573891
273,0.7820592392108399,0.24135917075646462,0.29497098742598804,0.8368755378021069,0.3362464071611655,0.8642277150860087,0.2805746135913829,0.796787855437123,-0.06865923369173133,0.8360157759615752,-0.28534668359179705,0.7001033208138037,0.6934374542720207
274,0.6310301141423253,0.26942647066838865,-0.4455220820286243,0.5889210631572308,0.46578390309827267,-0.47180551235593704,-0.09551155565249592,-0.7699215104639465,-0.380058342914777,0.26036588483566026,0.3896257823374192,0.4293409730930229,-0.3174854921510257
275,0.453627800063378,-0.6981610134980603,-0.084399413009834,0.5180517853618511,0.582795628348614,0.754676935697921,-0.7375792623705992,0.9134525605354666,0.5721576474317664,-0.8159869915122608,-0.28965259459271975,-0.6854585135850328,-0.7954037482673659
276,0.8709634725990896,0.25642408277271356,-0.5371106350566659,0.11579335259694612,0.9709971810232594,-0.8766950349791769,0.114514537328543,-0.9827113709475992,0.2604154606713873,-0.32919068032624144,-0.7747116560866494,0.3395930885892928,-0.316768093574439
277,0.6460862834984509,-0.735096873381405,0.2283229191498366,0.8141292937665494,0.5778077563259214,-0.3493476009291978,0.49007818998058283,0.08130156232570407,-0.45647730564752953,-0.40988560024876675,-0.16882750222630016,0.3476919669135412,0.6143102203589157
278,0.12086206117915332,0.15688133178120056,0.5016679251207703,0.5481101395504577,0.018862206480521948,0.8148498531550841,0.6700392742167189,-0.9926753248845843,-0.8279151890552685,0.9854460702490493,0.24595961326736582,-0.18680037850738063,0.29768635803600807
279,0.788099397982087,0.24135917075646462,0.29497098742598804,0.8368755378021069,0.3362464071611655,0.8642277150860087,0.2805746135913829,0.796787855437123,-0.06865923369173133,0.8360157759615752,-0.28534668359179705,0.7001033208138037,0.6901176577152079
280,0.07022871311706824,-0.04524744709517314,0.4473768977651744,-0.6755026966214224,0.711443114475317,0.12147290037942948,-0.15453767206643132,0.502763914956621,-0.86227844191642,-0.8136220046407887,-0.38993337007107876,0.7720280001464455,0.11131422062814944
281,0.18276010491248185,0.05534236168839146,0.42345558930899885,-0.42545603506745744,0.6844776567341073,0.14315555001908953,0.17035462932091017,0.38465931249691465,-0.8988116421935328,-0.728935045402844,-0.28053172583377606,0.8458610648318912,-0.18110135389819026
282,0.3467359755227346,-0.11731492196873017,0.905754517991253,0.4155099287473476,0.8294211329612335,0.6353735891496943,0.6672831777880743,0.6191379272952158,-0.5000021528976295,-0.8574098626943532,-0.004359123595886416,0.0017093653299928846,-0.09494700003582035
283,0.787497194279565,0.2938708113567403,-0.032091016165322284,0.48762723044387024,0.36016577744799183,0.8559662822609675,0.5240404029587262,0.12617619049271966,0.8623251316689808,0.33793008868750585,-0.17897631423094462,0.6953646302603942,-0.2434658342043352
284,0.49369096464310935,0.267236310149072,-0.5896768563680499,-0.5516520733115069,-0.6930692618616308,-0.7893902229530299,-0.3038266923688602,0.9525698851051394,-0.8776425888411061,-0.09605092759293421,0.24401194325008668,0.7299598343540856,0.0948112706419213
285,0.6098513296643553,-0.8632311872592606,0.8186091179181667,-0.26355195088707917,0.32813178035261004,-0.14308577875893413,0.7752208708293469,0.148229006813406,-0.6673071473110916,0.1618754361564536,-0.5381486127453614,0.8078598724148012,0.8999266647099786
286,0.8344266025442917,0.32144280964712024,0.315363825421501,0.8368755378021069,0.17255379661767245,0.9317341368689489,0.30874476863460276,0.7912696311796179,-0.06865923369173133,0.8170782086204735,0.16050371026623744,0.6018350715649889,0.6782326275869213
287,0.5826415196351615,0.08701198838918911,-0.8706407310728541,0.22797757382218253,-0.06097106154695231,0.3440323349220855,0.27196549733819775,0.5561442483765549,0.8642740422399373,0.08874760377438706,-0.7187813557686151,0.8368657769795496,-0.9772249980202508
288,-0.3334057552559775,0.1341904627212045,0.20196782086443577,0.3907137906950968,-0.2579291660745602,-0.3281775605629722,-0.9686572192674123,0.6985169705446292,0.39887955555472,-0.1254200993105563,0.7393633921558596,0.14764028917986338,0.5029525405808011
289,0.37910326218789603,-0.11731492196873017,0.8020921281193616,0.5209705511653295,0.7810588482710394,0.4468529532236156,0.6537596224180453,0.617370882816054,-0.5352122104962245,-0.8260297643428247,-0.1961451058512793,-0.03031099371338475,-0.10885150268504917
290,0.6098513296643553,-0.9207319716460347,0.2493177411429972,-0.21116543489392003,0.09571125348021492,-0.14308577875893413,0.962572226198386,0.21195542640325216,-0.42610701186275857,0.00018961184218979632,-0.894752255844359,0.8308151198097271,0.878286187397971
291,0.8972032198750004,-0.352978237105134,-0.8909464443918265,-0.04133071083474715,-0.7678077830101555,-0.6744108674575389,0.5342131002310182,0.7279155625860945,-0.406718766189861,0.60807225086778,0.2795569857662157,0.886963722921408,-0.9504813224255368
292,0.021154147999337347,-0.8643292702689562,-0.44093733888129094,-0.17804269626188662,0.27602228526984884,0.04985562434107149,-0.26540228503488716,-0.01877047451888303,-0.12134583866052906,-0.2278226354858186,-0.7168535432238936,0.07302797299544994,-0.7271433486479846
293,0.36823713715419815,0.11818132258996106,-0.7846107028493436,0.9192384615036218,-0.9124599795333181,-0.21656235881900265,0.42493682788957776,-0.9895200602935361,-0.7744478338794378,0.7877860359152069,0.1290545021817744,0.6798079871445517,-0.9811513814102037
294,0.45498721067977455,0.7024372958869365,0.0621104787492861,0.4276065900513273,-0.5308275233832136,-0.7797597111470649,0.1194963606659023,-0.28921383724645855,0.34797528866582716,-0.8839309542796769,0.24359701968083547,-0.8497940272441762,0.15381556439735022
295,0.788099397982087,0.24135917075646462,0.29497098742598804,0.8428266050770281,0.5373955758172779,0.8642277150860087,0.2805746135913829,0.796787855437123,-0.06865923369173133,0.8360157759615752,-0.33198577823652675,0.7001033208138037,0.6901176577152079
296,0.4537130437048129,0.9977896889533238,0.0621104787492861,0.3945524224985488,-0.5308275233832136,-0.7608529724784927,0.26957793231237126,-0.18416606152710369,0.4762368205163552,-0.8431219755037065,0.23791192331206767,-0.8497940272441762,0.15381556439735022
297,0.763689087822272,-0.6667336139338906,-0.07862467620779845,0.4745693800463846,0.5165444789807485,0.7137910492921313,-0.6487172004168473,0.7825985127141657,0.6527420775354094,-0.6308110591433931,-0.38731277155156074,-0.5786920858455649,-0.7959646378363756
298,0.3961339492763587,0.7112573381422358,0.7369334466926809,0.10920649516555914,0.8613889443677836,-0.9683722150046588,-0.9794984484724114,-0.4194577793850094,-0.13571049376072053,0.4028396537050154,-0.26170070733756323,0.1005560473719318,-0.4668455018345812
299,0.4537130437048129,0.9977896889533238,0.0621104787492861,0.3945524224985488,-0.5308275233832136,-0.8421600939966671,0.1194963606659023,-0.18416606152710369,0.4770126121254672,-0.8431219755037065,0.1621820794918578,-0.8497940272441762,0.15381556439735022
300,0.7221672115435132,0.38648903921733635,0.368507455618732,0.8368755378021069,0.17255379661767245,0.9071906103581504,0.30874476863460276,0.742932135960076,0.2602808636518765,0.8146557967414148,0.23783183052625523,0.6018350715649889,0.6610050167941421
301,0.11187612351326925,-0.2557006088826741,0.19554985746466036,-0.37559194203368373,-0.7693757477733709,0.9017099105549244,-0.6262515838136324,0.4546455497874189,0.6120789247395237,-0.4392465071758125,-0.2567820573713948,-0.662506111396584,-0.0877618282834638
302,0.2419912026782245,0.7429389054402649,-0.6487648489217681,-0.8775439089146309,-0.9983155364949059,-0.14909648096280392,0.8403400637422125,-0.5779021795469621,0.14719547183958914,0.092430664481981,-0.3658597782363018,0.7514736949221255,-0.552989822975674
303,0.09358342513239548,-0.8389636475884519,-0.6812042549978712,-0.05288484790462622,0.5652831962587472,0.0679396771971379,-0.5156480873161671,-0.01877047451888303,-0.12134583866052906,-0.2278226354858186,-0.7491357922508626,0.08430186792484218,-0.7271433486479846
304,0.9005762699436268,-0.005198736765267942,-0.28442965240460705,0.7508646589500327,-0.9834724932567307,-0.8606486615837932,0.14080507209851767,-0.13199399468514317,-0.7001830557229738,-0.791405628147424,-0.2953664307906627,-0.2320792163042824,-0.02690631879673422
305,0.40632000710963934,0.6034740467874549,-0.7129291629635215,-0.8427940090299044,-0.14757037709297927,-0.21663658693887666,-0.17966087289847033,-0.6589812450757961,-0.25095402099630637,0.9079311485646682,0.6260627486389196,0.5228023043135199,-0.11755686637750928
306,0.6098513296643553,-0.9207319716460347,0.2493177411429972,-0.21116543489392003,0.09571125348021492,-0.14308577875893413,0.7754210059995814,0.21195542640325216,-0.42610701186275857,0.00018961184218979632,-0.894752255844359,0.8308151198097271,0.878286187397971
307,0.6295591083317507,-0.6260104277110901,0.46243387498331545,-0.5448488794029256,-0.18435155887723864,-0.7347140221972712,-0.9762522948709671,0.516538365841936,-0.8822566909591008,-0.34199049566523976,0.1639348525511657,-0.05571963529783752,0.4430984493413437
308,-0.24504991163759082,-0.08558692843886839,0.6118343397226027,-0.6320863225386033,0.6990602262360772,0.5114617147691825,0.47387505522048246,0.5895670622501292,-0.9595961525478438,-0.8366982668230314,-0.2538058066775013,0.34159425567894774,0.24166164508039611
309,-0.46307922117469547,0.6318098300115123,-0.07642259895102499,-0.8993466458967943,-0.3109338953645271,0.0446283772597349,0.8860070399086322,-0.7735664128540607,-0.5964565217337809,0.2035980554784318,0.9974002327259341,-0.8875700363652039,-0.9556779591977984
310,0.08864820985589583,0.6356431953742228,0.031753862795657284,-0.14976293909230765,0.8549113350428592,-0.335592063731438,-0.7994761803991581,0.6675137805400457,0.5557666132779884,0.7895128842314916,0.8575965057746628,-0.009006536113704389,0.36060328125529484
311,0.38371255233051804,0.11818132258996106,-0.8520761279254756,0.9192384615036218,-0.9124599795333181,-0.21656235881900265,0.6217464782737887,-0.9739219469666456,-0.7744478338794378,0.7126258391870237,0.1290545021817744,0.6798079871445517,-0.8340069724200863
312,0.6216183501477666,-0.735096873381405,0.2283229191498366,0.8272223037926565,0.5414002567392984,-0.3493476009291978,0.4691088169262032,-0.1184053375722709,-0.44730557240970703,-0.40988560024876675,-0.5375680769673268,0.37015168319818326,0.560417851193195
313,0.8581504438875698,0.8811667750253778,0.6295602165103626,0.6473177478530352,0.8491687438876014,-0.28431992253175764,0.4042596957697586,0.08682259883258081,-0.8490960959533007,0.2412620770258831,0.6238518246847642,0.12109784971277948,0.9546984247740053
314,-0.2017514949254573,-0.5980747093304006,0.5164313301478303,0.480266963217417,0.4414028894534545,0.36057170269192906,0.08132022906876024,-0.34723060247734505,0.10098131478364158,-0.9403084582891985,-0.4606123411192071,-0.5736969331351456,0.08058613923258928
315,0.021154147999337347,-0.8643292702689562,-0.44093733888129094,-0.17804269626188662,0.26449985350907057,0.04985562434107149,-0.26540228503488716,-0.01877047451888303,-0.12134583866052906,-0.2278226354858186,-0.7168535432238936,0.07302797299544994,-0.7271433486479846
316,0.08400564640705821,0.3077429959661,0.12270717376990503,-0.189182229429407,0.9937297240519147,-0.9653660565563851,-0.7593070863250504,0.6705959953249583,0.3985377718249834,0.7848575011132368,0.6865605277887916,0.02401614650515338,0.3203456533886673
317,0.12086206117915332,0.0054034075709115115,0.5016679251207703,0.6447811293502965,0.17611728915837999,0.8148498531550841,0.8166307165192146,-0.9926753248845843,-0.7201025312057809,0.9854460702490493,0.24595961326736582,-0.18680037850738063,0.29768635803600807
318,0.021154147999337347,-0.7203963470026369,-0.5880720617052329,-0.4804057268192419,0.23770052101617822,0.15282635130304834,-0.26540228503488716,0.15997792926056276,-0.12134583866052906,-0.2278226354858186,-0.4315878975521821,0.07302797299544994,-0.9144552643568271
319,-0.06622998092063836,-0.19260797042687638,0.06406718054775506,0.066975099457947,0.9057869602784414,-0.3938341734966131,0.37081102612741,0.8640170910132052,0.48171811056524616,-0.1899234790745441,-0.10065805047974363,-0.2886467078971138,-0.1760333973181405
320,0.16616175794380794,0.11818132258996106,-0.9186152349749312,0.8533687409091284,-0.7862247927049857,-0.260081379083799,0.6176837845009144,-0.961786527593562,-0.6278247703605555,0.6980882586476451,0.08490414271771551,0.8475462259859277,-0.9401606352272771
321,0.9944703984232874,-0.009810128706597698,0.2633596648934253,0.7937886703092871,-0.16631131806245736,0.7091308327466499,0.10630167164144089,0.9734067677377654,-0.8601042124127909,-0.45783993562516123,0.7920367304217126,-0.1579222398724578,0.9675125199276504
322,0.6973191458164123,-0.17712442632374392,-0.6369868578752846,-0.2321482094631102,0.053700901537325985,-0.9659917286418995,-0.483508929810917,0.22915720518146476,-0.6884505220579846,-0.7568866263922909,0.1280606647801492,0.8973160291718707,0.018497200014913506
323,0.07960365042756634,-0.20091151404356644,0.6345348229221812,-0.6755026966214224,0.7335289885951344,0.14315555001908953,-0.05426110273584661,0.5821491063104289,-0.739498997107237,-0.9582912821461587,-0.5716242066261843,0.7720280001464455,-0.23558992632151976
324,0.08864820985589583,0.527773700915948,0.12270717376990503,-0.2106922532585811,0.8549113350428592,-0.8271753980608034,-0.7380997219792911,0.6675137805400457,0.5256731806184507,0.7895128842314916,0.8575965057746628,-0.0573120025855145,0.31393233128709297
325,-0.01776290258193436,-0.09644267442581889,0.026650481876867804,-0.5831273619089714,-0.39704127694031466,-0.17566869668582408,-0.12480306484726134,-0.8180994276628726,-0.5221618723649044,-0.08562270791723359,0.04656481353825592,-0.3366058517929682,0.4550325691979449
326,0.6098513296643553,-0.8918756701572201,0.8186091179181667,-0.26355195088707917,0.32813178035261004,-0.14308577875893413,0.7752208708293469,0.148229006813406,-0.6673071473110916,0.1618754361564536,-0.5381486127453614,0.8078598724148012,0.8999266647099786
327,0.9944703984232874,-0.009810128706597698,0.1856220556765309,0.8123105958683683,0.03221801467594121,0.7091308327466499,0.10630167164144089,0.9734067677377654,-0.8601042124127909,-0.45783993562516123,0.7920367304217126,-0.1579222398724578,0.9781253851628087
328,-0.02930382215311056,0.05534236168839146,0.6761458502288127,-0.5491626195878516,0.6990602262360772,0.35590645035516655,0.1507754877288714,0.4224037572104844,-0.7377322886754643,-0.728935045402844,-0.44857757201877413,0.7814552669704189,-0.4698201591999476
329,0.6216183501477666,-0.9148638785284673,0.10614899794486665,0.6244722039174546,0.5253769758054081,-0.6994541085079016,0.48252304847153393,-0.1184053375722709,-0.4409651072066656,-0.49261657486561505,-0.5375680769673268,0.44674503513617636,0.6143102203589157
330,0.1634913756733054,-0.1996856663824893,0.572158766109218,-0.7479643352222058,0.6649999704416831,-0.1017385019089776,-0.11156756045111593,0.4918030794008488,-0.745971602006009,-0.7611823260509418,-0.4074892181550349,0.6478980522494191,-0.14046390516507246
331,0.8088604495940228,-0.21357146454349274,-0.23401867012593924,-0.37110708321512687,-0.29550254145014554,0.09364595652451113,-0.8996940183397706,0.8459121396760751,0.20908867266878106,-0.9403686809971179,-0.5768107648157832,0.767003207853505,0.9316903586955534
332,0.5958381500711643,-0.5732278520397209,-0.6441283004730067,-0.2708961864717987,-0.2785557208284861,-0.8987590148808966,-0.14065045708610868,0.8007373173862311,-0.586639573610944,-0.5584286946536852,0.5139340210160472,-0.06343616548688091,-0.09889116999995529
333,0.7177697696408423,0.16969688768137292,0.4151127577164393,0.446218105759127,-0.8943891973416975,0.6839492272945318,0.7243570345893604,0.7926064089258475,0.38994509956512524,-0.4104960760743368,0.5310335595720879,0.17035502023189464,0.44042504461333043
334,0.5542217473805697,-0.8333346234261949,-0.3069806658408394,0.5180517853618511,0.582795628348614,0.754676935697921,-0.7375792623705992,0.9130572239479529,0.5721576474317664,-0.8159869915122608,-0.3416368904605045,-0.6854585135850328,-0.8418921319233812
335,0.03980914470050956,-0.1870817929702635,0.600849471478754,-0.06831350081682874,0.5686069048170919,0.27377711758515666,0.07164168082791988,-0.6889150065704461,0.4232251417340527,0.6986967472173784,-0.4888581738532305,-0.3250358801584119,-0.2524412793881865
336,0.8533400596260692,0.05104380307507439,-0.5118956699014454,-0.36529214381357744,0.9152667829707419,0.43358948988964907,-0.1502870537942671,-0.03253104110003946,0.549212577850303,-0.9744994894277614,0.5572896660934317,-0.7236083061394283,0.008599826419759982
337,0.9332407521660335,0.5452693110352393,0.6037221908479904,-0.08296960600265901,-0.9547747016111126,-0.6408885113839424,-0.043062586682504955,0.5759194291173344,0.13645261491312244,-0.7596989343339713,-0.6973565541825459,0.1830711408590573,0.03241029023023567
338,-0.24504991163759082,0.10361836361825882,0.6118343397226027,-0.49695614257675835,0.6990602262360772,0.5148031107350906,0.12308208046546643,0.5895670622501292,-0.8915898030782015,-0.8366982668230314,-0.2538058066775013,0.40071873807956826,0.2523564164564083
339,0.6216183501477666,-0.77322636520133,0.41908676242208753,0.9092371100581311,0.5253769758054081,-0.3625152244560519,0.48252304847153393,-0.1184053375722709,-0.4409651072066656,-0.4015854219599697,-0.5702943382997903,0.44674503513617636,0.6143102203589157
340,0.5399316119155091,0.5992318540736485,0.5404665957333477,0.9941054099744395,0.1789436505232871,0.1980424093131481,-0.749436943910265,-0.15929669307781236,0.7985098173139007,0.6304028859419148,-0.38911595386281217,-0.3676818867373617,-0.83914384854672
341,0.543988486982196,-0.7335390610477779,0.1788310104442592,0.6053387500250409,0.5253769758054081,-0.3625152244560519,0.48252304847153393,-0.1184053375722709,-0.4409651072066656,-0.5473080612808348,-0.5375680769673268,0.44674503513617636,0.6143102203589157
342,0.5925404896218927,-0.7635176130998369,0.01613410596587017,0.32142523508651544,0.668133235790934,0.22146505010133755,-0.5302813659583496,0.7614809174953319,0.1360630184173559,-0.36695637725893415,-0.44686069945268003,0.9179566646020509,-0.881620461530721
343,0.567683410851274,-0.8333346234261949,-0.3069806658408394,0.5180517853618511,0.6348026081329532,0.754676935697921,-0.7375792623705992,0.920369564986564,0.5721576474317664,-0.8159869915122608,-0.3416368904605045,-0.864493716791181,-0.7954037482673659
344,0.12828581989543308,0.09589664245072504,0.7084435940002514,0.8067167980942034,-0.022675977907589795,0.8148498531550841,0.6700392742167189,-0.9908308244899049,-0.7123279622070042,0.8539813170328479,0.25085220795021,-0.05833627929747376,0.28751985746715536
345,0.9651385222532687,-0.23619152854732417,0.058101299259773365,0.1179789047877855,0.5781692274759362,-0.08026701514737433,-0.5583617765367941,0.24581581898111504,-0.5704264905556016,0.028231231496888887,0.6647143555943198,-0.6505146434166871,0.9965925676362797
346,0.4448936504095713,0.6881049262166712,0.0621104787492861,0.23244706500727008,-0.5666999113010416,-0.7797597111470649,0.1194963606659023,-0.23510180232721445,0.36361164821115777,-0.8015800274088831,0.40415126313817495,-0.8497940272441762,0.15381556439735022
347,0.453627800063378,-0.6667336139338906,-0.084399413009834,0.5180517853618511,0.582795628348614,0.754676935697921,-0.7375792623705992,0.920369564986564,0.5721576474317664,-0.8159869915122608,-0.38731277155156074,-0.6854585135850328,-0.8306054721549732
348,0.9470810391109201,0.32144280964712024,0.21455225136160827,0.82785011776571,0.22747662950069292,0.9881834767970994,0.30874476863460276,0.796787855437123,-0.06865923369173133,0.7221271580998141,0.18242804979753724,0.5440757969843519,0.6079431480240964
349,-0.20603942486835058,-0.6863436184313731,-0.8294664528978095,0.7868286671419082,0.1575663312614135,-0.6032753611727537,-0.9371789111365205,0.27989483596277265,-0.8671705901314364,0.8561973308244846,-0.9973761447151113,-0.04545248860194784,-0.005441833209480551
350,0.002306781212684239,-0.11308209368114919,-0.45232722770069067,0.5702276175353895,0.39756967840745006,-0.46045998123573706,0.11836024014984026,-0.2601743480716956,0.7215832788992356,-0.9987863788599494,-0.6652904279496068,-0.21029525823148876,-0.7644955014181158
351,0.7989327398018216,-0.044415484479294554,0.32315769297384267,-0.6648886426966758,0.12242767826253109,-0.38818169981786177,0.6558110840824318,0.3480653426930431,-0.3285256472472944,0.24200895806527511,-0.4421498029131816,0.379206747982207,-0.06273596800333725
352,0.6143617438750317,-0.9083332478671482,0.9580006958078398,-0.26355195088707917,0.32813178035261004,-0.14308577875893413,0.7752208708293469,0.148229006813406,-0.5959268921739123,0.2814342005514803,-0.6554227924154135,0.8078598724148012,0.8999266647099786
353,0.11934714439095218,0.11818132258996106,-0.9186152349749312,0.8533687409091284,-0.7862247927049857,-0.260081379083799,0.5860114266667136,-0.961786527593562,-0.6689961289848123,0.6980882586476451,0.13137257925822787,0.951460002609968,-0.9401606352272771
354,0.40632000710963934,0.6034740467874549,-0.7129291629635215,-0.8427940090299044,-0.14757037709297927,-0.27320002620671135,-0.17966087289847033,-0.6589812450757961,-0.25095402099630637,0.9079311485646682,0.6260627486389196,0.5175672545015653,-0.41240754997649165
355,0.8344266025442917,0.32144280964712024,0.3063173275638389,0.8368755378021069,0.17255379661767245,0.9071906103581504,0.30874476863460276,0.7435284008201588,-0.06865923369173133,0.7867374217050636,0.18242804979753724,0.6018350715649889,0.6243174827351972
356,0.4537130437048129,0.9977896889533238,0.38481324384668136,0.3945524224985488,-0.5308275233832136,-0.8421600939966671,0.1194963606659023,-0.18416606152710369,0.4770126121254672,-0.8431219755037065,0.1621820794918578,-0.8497940272441762,0.15381556439735022
357,0.7572056012889143,0.16740992392339993,-0.5371106350566659,0.23342559141585384,0.8477794446940288,-0.8766950349791769,0.1873048623304534,-0.6218688033630975,0.2604154606713873,-0.12506928258952144,-0.6578953089348933,0.24841691623461037,-0.5070056439436383
358,0.8992539417751026,-0.352978237105134,-0.8909464443918265,-0.017404633301245198,-0.7678077830101555,-0.7230754906638548,0.5333039543211091,0.7989013390973561,-0.406718766189861,0.6438911411718446,0.25400858583147445,0.8666154364404857,-0.9848528865719033
359,0.3095287360364405,0.7883330483780564,0.6984811702395215,-0.37210522424687675,0.40300534014767764,-0.9074020548973571,0.17924504561951116,0.011670702714256187,0.8581169069737968,0.3928617937364922,-0.25277467855857605,0.9930675301489942,0.9650517680673907
360,0.8972032198750004,-0.352978237105134,-0.8909464443918265,-0.04133071083474715,-0.7678077830101555,-0.6744108674575389,0.5342131002310182,0.7279155625860945,-0.406718766189861,0.6266696306960793,0.2795569857662157,0.886963722921408,-0.9504813224255368
361,0.8830160496896484,0.16740992392339993,-0.5371106350566659,0.11579335259694612,0.9729539552350874,-0.9514347283882212,0.1873048623304534,-0.6997211170332907,0.2604154606713873,-0.12577375619093867,-0.6578953089348933,0.3395930885892928,-0.4633996979612989
362,0.39855034252562627,0.2462465016846671,-0.9411138137300101,0.11894310244331896,0.17968956094273403,0.51091320966075,-0.9413205606058246,-0.9316795654029408,0.9146739838535458,-0.598517271621235,0.6259521780304289,-0.15250218796184467,-0.47200982120003077
363,0.9470810391109201,0.32144280964712024,0.21455225136160827,0.82785011776571,0.22747662950069292,0.9881834767970994,0.3079118820911584,0.796787855437123,-0.06865923369173133,0.7221271580998141,0.18242804979753724,0.5440757969843519,0.6079431480240964
364,0.12086206117915332,0.0054034075709115115,0.5016679251207703,0.651708564864647,0.018862206480521948,0.8148498531550841,0.8166307165192146,-0.9926753248845843,-0.7201025312057809,0.9854460702490493,0.24595961326736582,-0.18649080524255846,0.21126105687485186
365,0.453627800063378,-0.5364534092660767,0.03920203027541702,0.4745693800463846,0.4255693361610442,0.7307838701669891,-0.6703994541757698,0.9371213028191099,0.5692873026469292,-0.5224180748197207,-0.47796775549497794,-0.5763509587835975,-0.811413369223531
366,0.3467359755227346,-0.03450389492429107,0.8020921281193616,0.5209705511653295,0.8294211329612335,0.7414645359275336,0.6537596224180453,0.617370882816054,-0.5352122104962245,-0.8260297643428247,-0.008467358169087058,-0.03031099371338475,-0.10885150268504917
367,0.4291000204782778,0.5608435013028401,-0.6797805825618684,0.5752478816476634,0.7377844482938303,0.11274440789841877,-0.3800313859552191,-0.4697479191341831,-0.598735200953153,0.3541756773227438,0.04689503229243153,-0.915528333005796,-0.08516787574229467
368,0.07960365042756634,-0.20091151404356644,0.6383738193471593,-0.6755026966214224,0.8299496996495155,0.14315555001908953,-0.05426110273584661,0.6293548999443288,-0.739498997107237,-0.9587141965370949,-0.5716242066261843,0.7720280001464455,-0.262360019298421
369,0.8481768736220172,-0.2636058975550539,-0.7669969187492798,-0.39820440110234356,0.34945230140326666,0.2586823525937003,0.02698340618572237,-0.955564687819844,0.5581142281297704,0.19695139545884444,0.8177166936027571,0.49557288871923677,-0.7248937081560947
370,0.047400518745216225,-0.06695059568628126,0.4473768977651744,-0.6755026966214224,0.6964277868886539,0.2452553127909276,0.12308208046546643,0.39171366748480696,-0.8907988973971082,-0.7522299724632313,-0.3880542672012721,0.39702561648358436,-0.16495074745001537
371,0.567683410851274,-0.8333346234261949,-0.3069806658408394,0.5180517853618511,0.6348026081329532,0.786566439926822,-0.7375792623705992,0.920369564986564,0.5721576474317664,-0.7427127528862412,-0.3416368904605045,-0.864493716791181,-0.7954037482673659
372,0.46088048604604115,0.38639172316647863,0.6982002267433871,0.9615912422852904,0.3677855811252526,-0.13567332630161988,0.5306215063503319,-0.5972448928495684,-0.3456918228194563,-0.33429583057599643,-0.9571402662039799,0.1837368274265736,0.6728229837851223
373,0.3095287360364405,0.794030616340567,0.6840563316100987,-0.3932740940820778,0.40300534014767764,-0.9074020548973571,0.17924504561951116,0.011670702714256187,0.8531689977220887,0.38330853748861426,-0.19786332047849808,0.9549351531574484,0.9751423837175426
374,0.1984974717251473,-0.13336537879802557,0.9420982847488562,0.8896180004302621,0.6303317824042327,-0.5935180978768257,-0.6627450729239119,-0.7759861533893859,0.9714263390749878,-0.46018877000947644,0.30741678608284007,-0.7869351525060511,0.49495909197095567
375,0.6945269755545205,0.6391491792963484,-0.41102085355811746,0.7241439290162326,-0.9348076861640058,0.4112129442975525,0.35155736472068067,0.36343559344236276,0.5374903613879207,0.25976148937288834,0.08608648090865145,0.22099695298436672,0.10333566901429236
376,0.14432822318676397,0.6395117527443936,0.6509678262154721,0.117018601678063,-0.47323391004215476,-0.5609934412173376,-0.8528792008430073,0.8078907550567616,0.9913204092915047,0.9593440524618841,-0.6899391114916626,-0.7400442964713057,-0.956911600454444
377,-0.2363302823528901,-0.7728695238032743,-0.6034907179935478,-0.6510316586634886,-0.8983018912731853,-0.48673051588277505,0.14478216895573315,-0.83525119485433,0.3576642963333936,-0.876860439940631,-0.5512043348050717,-0.6248780271851233,0.466151817220668
378,0.08400564640705821,0.3077429959661,0.12270717376990503,-0.189182229429407,0.9937297240519147,-0.9653660565563851,-0.7593070863250504,0.6705959953249583,0.16616861294564989,0.7848575011132368,0.6865605277887916,0.02401614650515338,0.3203456533886673
379,0.8709634725990896,0.136366304387864,-0.4658655754423193,0.11579335259694612,0.9709971810232594,-0.8766950349791769,0.1519677288989012,-0.6997211170332907,0.2604154606713873,-0.12577375619093867,-0.8788793526874055,0.31696903859692105,-0.4633996979612989
380,0.09358342513239548,-0.8643292702689562,-0.49540699195908644,-0.26609022418775186,0.1736689761682857,0.0679396771971379,-0.26540228503488716,-0.01877047451888303,-0.12134583866052906,-0.22479917708659536,-0.7168535432238936,0.14467869847299286,-0.7271433486479846
381,0.10725933744917815,-0.2557006088826741,0.18448374158082248,-0.37559194203368373,-0.8610391569571862,0.9017099105549244,-0.657447018711312,0.4546455497874189,0.6120789247395237,-0.4392465071758125,-0.2968168374706084,-0.629740779945094,0.009265404511433317
382,0.8594249911293024,-0.4381407775840045,0.6685867053825905,-0.9798788504159466,0.511727623602354,-0.5183137631711898,-0.20090965354353485,-0.023992811014966753,-0.41195934891812835,0.4899283371726397,-0.0516746743533929,0.954448274300328,-0.33910041950006
383,0.6922600541011352,0.6365492690997889,0.35974069421587207,-0.5019307510260844,-0.622705017259829,-0.5133258392056426,-0.8358962063686242,-0.6783913165712301,-0.36542456555886504,0.10702758239538324,-0.6047115571978818,0.3109746262194608,-0.47317596657293004
