,x,z,y_rot,ind
0,0.0,0.0,0.0,0
1,0.0,0.0,0.0,0
2,9.7491165e-06,-0.00085536146,1.2875685e-05,0
3,4.556837e-05,-0.0024582157,3.6636033e-05,0
4,4.5239965e-05,-0.004479329,-0.0011011527,0
5,4.3880907e-05,-0.0065584495,-0.0030238573,0
6,3.3407632e-05,-0.008469982,-0.004779694,0
7,3.2305616e-05,-0.0101237595,-0.005786774,0
8,3.912001e-05,-0.011466333,-0.0060614324,0
9,5.165779e-05,-0.012517922,-0.0057562566,0
10,6.671593e-05,-0.013314726,-0.005145905,0
11,9.634998e-05,-0.014008685,-0.09596622,0
12,-0.0033860472,-0.0129552055,-0.23335636,0
13,-0.01176918,-0.010161204,-0.5141486,0
14,-0.0142456805,-0.009943135,-0.12126529,0
15,-0.014196122,-0.011542049,-0.18733585,0
16,-0.013887645,-0.012597856,-0.25526798,0
17,-0.01350006,-0.013979691,-0.29658878,0
18,-0.013122201,-0.015172278,-0.39064395,0
19,-0.0126245795,-0.016017009,-0.5049628,0
20,-0.012183623,-0.016692877,-0.60591495,0
21,-0.011737989,-0.017006835,-0.6985663,0
22,-0.011341825,-0.01718654,-0.7797736,0
23,-0.011086323,-0.017283987,-0.83647525,0
24,-0.010851371,-0.017438987,-0.9062079,0
25,-0.010662668,-0.017732868,-0.9435309,0
26,-0.010385131,-0.017863465,-1.0159491,0
27,-0.010163916,-0.017939208,-1.0666083,0
28,-0.009994193,-0.01801136,-1.1094855,0
29,-0.009837341,-0.018026624,-1.1429023,0
30,-0.0096957125,-0.01809384,-1.1750678,0
31,-0.0095545165,-0.018110504,-1.204029,0
32,-0.009413324,-0.018157644,-1.2351569,0
33,-0.009245648,-0.018223984,-1.2699164,0
34,-0.00911335,-0.018244876,-1.29784,0
35,-0.0089756325,-0.018335987,-1.3309516,0
36,-0.008836884,-0.018364474,-1.3609504,0
37,-0.008710544,-0.018388325,-1.388996,0
38,-0.008599949,-0.018385485,-1.4136237,0
39,-0.0085133435,-0.018374564,-1.4330634,0
40,-0.00841744,-0.018380845,-1.4542426,0
41,-0.00834246,-0.018381018,-1.4706,0
42,-0.008287216,-0.018655304,-1.4762458,0
43,-0.008252293,-0.01897516,-1.4978522,0
44,-0.0081403125,-0.019126115,-1.5248297,0
45,-0.008061688,-0.019268636,-1.5511664,0
46,-0.00799421,-0.019438274,-1.5724677,0
47,-0.007925541,-0.019666588,-1.5898322,0
48,-0.007845089,-0.019980926,-1.6047553,0
49,-0.007753889,-0.0203742,-1.617359,0
50,-0.0076638926,-0.020792702,-1.6284369,0
51,-0.007600297,-0.021236857,-1.635456,0
52,-0.007622479,-0.021464676,-1.6355475,0
53,-0.0076574897,-0.021175433,-1.6222419,0
54,-0.0077862623,-0.020642184,-1.5974005,0
55,-0.007974056,-0.01995781,-1.5623053,0
56,-0.009484021,-0.0077874316,-1.6976508,0
57,-0.011665154,0.02334563,-1.8314399,0
58,-0.013680334,0.056297865,-1.8460883,0
59,-0.020494057,0.09098234,-1.9782599,0
60,-0.030779812,0.12534447,-2.167225,0
61,-0.040568992,0.15931557,-2.14748,0
62,-0.043163948,0.17409596,-2.1348457,0
63,-0.045350343,0.17711514,-2.2296028,0
64,-0.047243223,0.18343653,-2.284443,0
65,-0.049281295,0.19584714,-2.3542671,0
66,-0.05079216,0.21037598,-2.3737373,0
67,-0.051439315,0.22509444,-2.4182014,0
68,-0.051728316,0.24018228,-2.444355,0
69,-0.051874053,0.25501302,-2.4789314,0
70,-0.051910408,0.26953134,-2.48946,0
71,-0.05179459,0.28313676,-2.5054817,0
72,-0.051801633,0.2969343,-2.5054512,0
73,-0.04905177,0.3115235,-2.436512,0
74,-0.045374826,0.32984066,-2.4430428,0
75,-0.041274466,0.35526496,-2.4003181,0
76,-0.03740365,0.37621173,-2.2644234,0
77,-0.034950804,0.39375973,-2.3033333,0
78,-0.03213216,0.4085155,-2.35326,0
79,-0.031374875,0.4192518,-2.3860054,0
80,-0.032658584,0.42963564,-2.2816963,0
81,-0.03607468,0.44182244,-2.2916145,0
82,-0.040366314,0.4508651,-2.3864021,0
83,-0.04477223,0.45572528,-2.468769,0
84,-0.05025998,0.45749566,-2.5474434,0
85,-0.05624709,0.4581798,-2.6473885,0
86,-0.06234904,0.45966431,-2.6692696,0
87,-0.06817836,0.45955113,-2.6576424,0
88,-0.07269961,0.4592528,-2.6904793,0
89,-0.07630479,0.45908055,-2.7265816,0
90,-0.08022279,0.46156457,-2.7716255,0
91,-0.08397063,0.46194097,-2.7429085,0
92,-0.08777093,0.45985118,-2.6850777,0
93,-0.09083949,0.4577069,-2.5821724,0
94,-0.09370125,0.45614916,-2.5051155,0
95,-0.096929096,0.45231295,-2.4466438,0
96,-0.09983667,0.44690418,-2.3726082,0
97,-0.10258231,0.43861628,-2.3244514,0
98,-0.10558843,0.42901215,-2.2623787,0
99,-0.10788823,0.41973773,-2.1931648,0
100,-0.11031366,0.41023627,-2.188221,0
101,-0.111621656,0.39787018,-2.1711311,0
102,-0.113843866,0.38143325,-2.1911507,0
103,-0.11548018,0.36038202,-2.155262,0
104,-0.11471598,0.33364084,-2.1281624,0
105,-0.11271931,0.29919133,-2.1355782,0
106,-0.1083025,0.26159692,-2.2423286,0
107,-0.105568975,0.22576693,-2.329792,0
108,-0.09993292,0.19401652,-2.3310127,0
109,-0.09742369,0.16377941,-1.9780464,0
110,-0.09560592,0.13432775,-1.5209236,0
111,-0.09526039,0.105223306,-0.99647903,0
112,-0.0944137,0.071519874,-0.5341072,0
113,-0.092389084,0.03556151,-0.33934402,0
114,-0.092380024,0.007923382,-0.029315948,0
115,-0.09235212,-0.012113584,0.36143112,0
116,-0.092083305,-0.025631981,0.75262713,0
117,-0.09174285,-0.033796407,1.1121628,0
118,-0.09598223,-0.03752128,1.4324938,0
119,-0.09661037,-0.03840948,1.7442262,0
120,-0.09570281,-0.03696344,2.0554204,0
121,-0.09883743,-0.033516273,2.2704463,0
122,-0.10017292,-0.028872503,2.449584,0
123,-0.10075833,-0.023453685,2.6070797,0
124,-0.10096472,-0.017608406,2.736096,0
125,-0.100909874,-0.012010146,2.8255198,0
126,-0.10072738,-0.0075868554,2.8945725,0
127,-0.0987071,-0.004174834,2.9538505,0
128,-0.09595476,-0.0010885876,2.9832923,0
129,-0.09448375,0.0017667133,3.0371523,0
130,-0.09209736,0.004926745,3.036022,0
131,-0.08956252,0.00857772,3.0606062,0
132,-0.08637452,0.01271532,3.0800653,0
133,-0.08647814,0.017429452,3.0979311,0
134,-0.08665143,0.02222903,3.098398,0
135,-0.08713834,0.027205305,3.109126,0
136,-0.087670885,0.03246336,3.1121523,0
137,-0.0882246,0.03788469,3.1114042,0
138,-0.08870172,0.043218654,3.0969832,0
139,-0.0890793,0.048283126,3.0806143,0
140,-0.08974101,0.0535234,3.0845327,0
141,-0.09077985,0.059329294,3.1185927,0
142,-0.090862244,0.06549181,3.1805758,0
143,-0.08989566,0.07181522,3.2631557,0
144,-0.08862456,0.07824832,3.3470411,0
145,-0.087293565,0.08477654,3.4278932,0
146,-0.08567269,0.0911675,3.4854245,0
147,-0.08392249,0.09731902,3.5254483,0
148,-0.08218784,0.10329331,3.5653472,0
149,-0.08028694,0.10918036,3.6086311,0
150,-0.07760252,0.11476359,3.6546743,0
151,-0.07479727,0.12017966,3.6824045,0
152,-0.07282826,0.12585749,3.6675625,0
153,-0.070063874,0.13189143,3.667008,0
154,-0.067483574,0.13840505,3.634431,0
155,-0.0650204,0.14542282,3.572223,0
156,-0.061329417,0.1623658,3.462758,0
157,-0.060241092,0.1743483,3.5026424,0
158,-0.059489843,0.19192606,3.6012533,0
159,-0.060128864,0.20452508,3.5388849,0
160,-0.06383486,0.2141925,3.4142072,0
161,-0.069013275,0.22612083,3.213255,0
162,-0.073388,0.23897903,3.079366,0
163,-0.076626524,0.24805172,3.005835,0
164,-0.07951712,0.25377226,2.907353,0
165,-0.081635535,0.25738436,2.8916588,0
166,-0.08294785,0.2597799,2.9116054,0
167,-0.08450239,0.26271483,2.9207714,0
168,-0.08661154,0.2710073,2.836176,0
169,-0.08727465,0.2862106,2.7730496,0
170,-0.088652305,0.3038399,2.750774,0
171,-0.09182575,0.3226175,2.7370977,0
172,-0.09240956,0.34070405,2.6270723,0
173,-0.08974773,0.35830063,2.4931674,0
174,-0.08850412,0.37515727,2.3765,0
175,-0.08806216,0.39167517,2.2703567,0
176,-0.08717701,0.4120606,2.2479234,0
177,-0.08444533,0.43428808,2.2180407,0
178,-0.081841685,0.4559613,2.1981905,0
179,-0.07868507,0.47396806,2.0392644,0
180,-0.07699375,0.48744237,1.9241135,0
181,-0.07769834,0.4991325,1.7256452,0
182,-0.07706595,0.507732,1.6451176,0
183,-0.078158,0.51493806,1.5458336,0
184,-0.079873614,0.5216552,1.4683053,0
185,-0.08151717,0.52693254,1.4174205,0
186,-0.08326922,0.53066707,1.3453302,0
187,-0.08619186,0.54151183,1.1210648,0
188,-0.08823909,0.5534957,0.9652078,0
189,-0.08933194,0.5600218,0.76453775,0
190,-0.09021727,0.56294274,0.58543724,0
191,-0.09112772,0.56295925,0.42954493,0
192,-0.09291466,0.5611558,0.30316427,0
193,-0.0951844,0.5579136,0.19588955,0
194,-0.09839258,0.5597736,0.06395613,0
195,-0.10114674,0.5610623,-0.009163991,0
196,-0.10297027,0.5586074,-0.048806325,0
197,-0.10535653,0.5585469,-0.099343434,0
198,-0.10742714,0.5580675,-0.059395924,0
199,-0.110058665,0.5555761,-0.0026637465,0
200,-0.11292194,0.549663,0.054904483,0
201,-0.11581477,0.54012126,0.1409562,0
202,-0.11801664,0.52902687,0.2371431,0
203,-0.12078614,0.51024795,0.3847686,0
204,-0.12349297,0.4856886,0.46597362,0
205,-0.1248417,0.4588181,0.4986699,0
206,-0.12255564,0.4297414,0.39122042,0
207,-0.11966991,0.3989009,0.28164506,0
208,-0.11566054,0.37786138,0.05349797,0
209,-0.11115964,0.36583403,-0.07372981,0
210,-0.10883764,0.360851,-0.1150201,0
211,-0.10653238,0.3607821,-0.04125911,0
212,-0.10457945,0.36315534,0.016388595,0
213,-0.10587696,0.36664397,0.15851852,0
214,-0.103731334,0.36989772,0.17150426,0
215,-0.10077028,0.37318894,0.16111927,0
216,-0.10082521,0.37689465,0.19362158,0
217,-0.099149175,0.3805471,0.2169269,0
218,-0.09755756,0.38410616,0.24732566,0
219,-0.09570543,0.3873119,0.27671993,0
220,-0.09374778,0.39010748,0.28086138,0
221,-0.09195083,0.39263597,0.28181735,0
222,-0.09231913,0.3946248,0.25012144,0
223,-0.091899395,0.39630166,0.23267911,0
224,-0.09195687,0.39783773,0.22246704,0
225,-0.092575245,0.39921653,0.21481273,0
226,-0.093406454,0.40046197,0.19976974,0
227,-0.09419036,0.401533,0.16281475,0
228,-0.095554896,0.40256175,0.11310132,0
229,-0.09795451,0.4035355,0.034727037,0
230,-0.10149813,0.40456098,-0.08069044,0
231,-0.10556407,0.4057771,-0.22998244,0
232,-0.10991405,0.4072743,-0.39679152,0
233,-0.112564616,0.4090934,-0.54388624,0
234,-0.11410544,0.41132098,-0.65814406,0
235,-0.11534053,0.4138702,-0.75515944,0
236,-0.11572288,0.41669133,-0.83542067,0
237,-0.115529984,0.41962472,-0.8997212,0
238,-0.11453288,0.42256194,-0.9601765,0
239,-0.11300925,0.42535678,-1.0198383,0
240,-0.11058303,0.42801058,-1.0798664,0
241,-0.10889631,0.43058342,-1.1480427,0
242,-0.10821025,0.43311277,-1.2413349,0
243,-0.10658773,0.43538734,-1.322115,0
244,-0.10396984,0.436813,-1.3853779,0
245,-0.10159983,0.4372131,-1.4226704,0
246,-0.09968646,0.43720937,-1.4425373,0
247,-0.09801856,0.43689635,-1.4598103,0
248,-0.0977053,0.43670288,-1.5459003,0
249,-0.09654614,0.43628097,-1.5330524,0
250,-0.0960168,0.435597,-1.5151081,0
251,-0.09632354,0.435046,-1.4895344,0
252,-0.09707456,0.4348215,-1.4708576,0
253,-0.09778505,0.43509695,-1.4716816,0
254,-0.097713865,0.43602538,-1.498415,0
255,-0.09725873,0.43747514,-1.5368671,0
256,-0.09628296,0.4481275,-1.5612202,0
257,-0.0960726,0.4611655,-1.6059895,0
258,-0.0962794,0.4773602,-1.7330647,0
259,-0.098365024,0.48999923,-2.015871,0
260,-0.10449896,0.4985048,-2.1538715,0
261,-0.11000889,0.5047513,-2.0344257,0
262,-0.11666928,0.5116061,-2.1080647,0
263,-0.1238613,0.52606183,-2.1593952,0
264,-0.12941466,0.54469174,-2.3139973,0
265,-0.13238093,0.5646446,-2.3697834,0
266,-0.13386706,0.5855146,-2.3851337,0
267,-0.13505274,0.60637206,-2.4127827,0
268,-0.13638523,0.6270289,-2.4542255,0
269,-0.13798633,0.6499876,-2.4925556,0
270,-0.1400193,0.68248904,-2.3753986,0
271,-0.14057362,0.71578944,-2.2939472,0
272,-0.14179967,0.7510008,-2.077547,0
273,-0.14232844,0.7881277,-1.8019123,0
274,-0.14449728,0.82471263,-1.4034748,0
275,-0.1475406,0.86116093,-1.1908283,0
276,-0.15502349,0.8991787,-0.9572468,0
277,-0.16636367,0.9347791,-0.69229317,0
278,-0.17251123,0.96581316,-0.6609516,0
279,-0.17746098,0.99312836,-0.4150715,0
280,-0.18081233,1.0226167,-0.20636177,0
281,-0.18376388,1.0496114,-0.29873848,0
282,-0.18465939,1.0700892,-0.64157295,0
283,-0.18216643,1.0918312,-1.0034809,0
284,-0.18000245,1.1036474,-1.2636127,0
285,-0.17686361,1.1099963,-1.4644184,0
286,-0.17298314,1.1128799,-1.6120014,0
287,-0.16987206,1.1147482,-1.7223835,0
288,-0.16662616,1.1170304,-1.8517475,0
289,-0.16413157,1.1193173,-1.9421406,0
290,-0.1631853,1.1215312,-2.005434,0
291,-0.1639765,1.1280756,-2.0368977,0
292,-0.16602272,1.1372716,-2.0057697,0
293,-0.1677208,1.1438329,-1.999239,0
294,-0.16873746,1.1457784,-2.0715046,0
295,-0.16994935,1.1454917,-2.1186543,0
296,-0.1715867,1.1452051,-2.176546,0
297,-0.17259125,1.1416225,-2.234438,0
298,-0.1742715,1.1364688,-2.27878,0
299,-0.17630185,1.1263518,-2.292513,0
300,-0.17930362,1.1093563,-2.3494892,0
301,-0.18336236,1.0882843,-2.335329,0
302,-0.18850073,1.067841,-2.2409077,0
303,-0.19392602,1.0511472,-2.2758198,0
304,-0.19821578,1.0260705,-2.316225,0
305,-0.202249,0.9975939,-2.3207111,0
306,-0.20575857,0.9648313,-2.353487,0
307,-0.20789348,0.9278806,-2.2992878,0
308,-0.20898046,0.9000711,-2.2018757,0
309,-0.21104954,0.8814917,-1.9296589,0
310,-0.21392706,0.8526691,-1.6480427,0
311,-0.21335249,0.82863986,-1.1688557,0
312,-0.21323964,0.80944186,-0.73495674,0
313,-0.21387152,0.79349434,-0.070711136,0
314,-0.21359257,0.7806725,0.43102837,0
315,-0.21099356,0.77162194,0.89392936,0
316,-0.20850673,0.76559514,1.3330241,0
317,-0.20518017,0.76321834,1.6778259,0
318,-0.2018591,0.7640437,1.9361233,0
319,-0.19911979,0.76689774,2.130213,0
320,-0.1969371,0.7712372,2.2535625,0
321,-0.19508405,0.77652866,2.353449,0
322,-0.19353503,0.7820256,2.421682,0
323,-0.19235058,0.78689015,2.4589846,0
324,-0.19130819,0.79088414,2.5292845,0
325,-0.19057389,0.7944678,2.5870347,0
326,-0.19006717,0.7976788,2.6356106,0
327,-0.18985029,0.8006509,2.6502252,0
328,-0.18950038,0.8033283,2.6736944,0
329,-0.1890667,0.80570984,2.6895654,0
330,-0.18852407,0.8078903,2.7141838,0
331,-0.18809061,0.81003124,2.716623,0
332,-0.18743369,0.8119888,2.7393174,0
333,-0.18691188,0.81396943,2.7328815,0
334,-0.18618378,0.81588876,2.7355099,0
335,-0.18533678,0.81792194,2.7575636,0
336,-0.18438482,0.81998277,2.7614045,0
337,-0.18336563,0.822041,2.7618072,0
338,-0.18241999,0.8240113,2.7389705,0
339,-0.18135399,0.82594764,2.727977,0
340,-0.18020451,0.8277932,2.718848,0
341,-0.17898025,0.8295753,2.6982725,0
342,-0.17761649,0.8311913,2.6810822,0
343,-0.17746568,0.83262116,2.673448,0
344,-0.17802663,0.8339704,2.6559618,0
345,-0.17882471,0.8351674,2.6345918,0
346,-0.17963924,0.83611304,2.6019094,0
347,-0.1803493,0.8365321,2.5725212,0
348,-0.18084113,0.8362098,2.5436301,0
349,-0.18108733,0.8349089,2.518494,0
350,-0.18082696,0.8332106,2.4926996,0
351,-0.1803307,0.8317914,2.4835014,0
352,-0.17918815,0.8307536,2.4903438,0
353,-0.17780459,0.830217,2.494116,0
354,-0.17644754,0.83064246,2.503717,0
355,-0.17594236,0.8317328,2.5546541,0
356,-0.17578162,0.8332951,2.5796535,0
357,-0.17583762,0.843222,2.6329222,0
358,-0.17449099,0.85950226,2.647313,0
359,-0.17229596,0.88793474,2.6803339,0
360,-0.16904889,0.9185334,2.626868,0
361,-0.16471043,0.9498107,2.4204323,0
362,-0.15966977,0.97698164,2.154464,0
363,-0.15544794,1.0001425,1.8535633,0
364,-0.15175208,1.0161836,1.5968184,0
365,-0.14944893,1.0259424,1.3284773,0
366,-0.14779869,1.0366391,0.93040013,0
367,-0.14864038,1.0476263,0.39351714,0
368,-0.150892,1.0559698,-0.006385207,0
369,-0.15176737,1.0654724,-0.43863618,0
370,-0.15006955,1.0803044,-0.73718965,0
371,-0.14752306,1.092141,-0.9862131,0
372,-0.145206,1.0977267,-1.3328928,0
373,-0.1446206,1.1052175,-1.6551889,0
374,-0.14330591,1.1194416,-1.8807443,0
375,-0.14158553,1.1398412,-2.1383433,0
376,-0.13879836,1.1656908,-2.4488902,0
377,-0.13765311,1.1952393,-2.837257,0
378,-0.13671562,1.2257369,-3.2589183,0
379,-0.1359041,1.2562,-3.7585216,0
380,-0.13564335,1.2867928,-4.2597117,0
381,-0.13555928,1.3164924,-4.785194,0
382,-0.13513623,1.3403592,-5.3404613,0
383,-0.13424322,1.3529844,-5.9484935,0
384,-0.13177113,1.363456,-6.3443675,0
385,-0.13043578,1.3776994,-6.875831,0
386,-0.1296206,1.385213,-7.275886,0
387,-0.12913355,1.3891176,-7.587074,0
388,-0.12846085,1.3918428,-7.8866954,0
389,-0.12764232,1.3939217,-8.163002,0
390,-0.12723179,1.4001977,-8.397102,0
391,-0.12690623,1.4086647,-8.646431,0
392,-0.12677239,1.4191011,-8.927254,0
393,-0.12706105,1.4308677,-9.260262,0
394,-0.12795538,1.4429989,-9.648781,0
395,-0.13042745,1.4545635,-10.027779,0
396,-0.13067581,1.4643339,-10.521584,0
397,-0.12889455,1.470913,-11.006386,0
398,-0.12736785,1.474457,-11.4105,0
399,-0.12528026,1.4695963,-11.843849,0
400,-0.120571524,1.4542649,-12.10984,0
401,-0.11629609,1.4299358,-12.236336,0
402,-0.1126379,1.3990002,-12.258614,0
403,-0.107175976,1.362313,-12.277962,0
404,-0.09992004,1.3162174,-12.053627,0
405,-0.0912449,1.2653995,-11.942879,0
406,-0.07985606,1.2095176,-11.980354,0
407,-0.06882117,1.1573125,-11.898781,0
408,-0.0593788,1.1107624,-11.683357,0
409,-0.05141257,1.0697199,-11.401894,0
410,-0.046437204,1.0394932,-11.1300125,0
411,-0.043732658,1.0189148,-10.906715,0
412,-0.04268392,1.0057509,-10.669167,0
413,-0.043076973,1.0005707,-10.541328,0
414,-0.043654747,1.0032431,-10.475166,0
415,-0.04069128,1.0125709,-10.594368,0
416,-0.042367008,1.0261536,-10.707649,0
417,-0.04743868,1.0399077,-10.51487,0
418,-0.055075996,1.0516623,-10.237007,0
419,-0.062113695,1.062164,-9.953468,0
420,-0.06786106,1.0717611,-9.654182,0
421,-0.076869614,1.0804094,-9.362343,0
422,-0.085648276,1.0893735,-9.17411,0
423,-0.09254407,1.0991808,-9.053566,0
424,-0.09854888,1.1096411,-8.974953,0
425,-0.100625455,1.1204405,-8.87571,0
426,-0.10231805,1.1312488,-8.7115555,0
427,-0.10416068,1.1423408,-8.523415,0
428,-0.10548612,1.1504005,-8.3478775,0
429,-0.10586186,1.1562941,-8.270729,0
430,-0.10612624,1.1585394,-8.269051,0
431,-0.10585447,1.1586045,-8.284218,0
432,-0.105157316,1.1574836,-8.302895,0
433,-0.10430697,1.1555959,-8.296944,0
434,-0.103496216,1.1527803,-8.284187,0
435,-0.1028606,1.1493994,-8.258583,0
436,-0.10197973,1.1455783,-8.232185,0
437,-0.10138887,1.142012,-8.233009,0
438,-0.101050556,1.1388017,-8.258766,0
439,-0.101609804,1.1359122,-8.296181,0
440,-0.10241578,1.13329,-8.341835,0
441,-0.10327891,1.1308517,-8.377388,0
442,-0.104214855,1.1286082,-8.400703,0
443,-0.09995861,1.1269808,-8.413063,0
444,-0.098079294,1.1251054,-8.440804,0
445,-0.097435206,1.1239663,-8.466499,0
446,-0.09725684,1.1232092,-8.468483,0
447,-0.09708908,1.1228316,-8.438484,0
448,-0.0985509,1.1233617,-8.404579,0
449,-0.10018296,1.1239042,-8.347755,0
450,-0.10200299,1.124468,-8.29261,0
451,-0.10435659,1.1254557,-8.2402725,0
452,-0.10718778,1.126781,-8.1872635,0
453,-0.10955948,1.1260136,-8.098183,0
454,-0.11117773,1.1281859,-7.954048,0
455,-0.11919313,1.135556,-7.831459,0
456,-0.11982301,1.1491295,-7.878456,0
457,-0.11825002,1.1621114,-7.9687576,0
458,-0.11416758,1.1673453,-7.7606277,0
459,-0.11009362,1.1739695,-7.7128677,0
460,-0.104524516,1.1797959,-7.52903,0
461,-0.09822998,1.1895415,-7.3840714,0
462,-0.094326064,1.2107671,-7.3715897,0
463,-0.09298109,1.233169,-7.412178,0
464,-0.09334162,1.2562824,-7.4536514,0
465,-0.09298911,1.2789456,-7.6073685,0
466,-0.092191175,1.3013494,-7.8657303,0
467,-0.0916938,1.3226858,-8.182381,0
468,-0.08915434,1.3388599,-8.606178,0
469,-0.08581819,1.3589871,-8.844185,0
470,-0.0835308,1.3836453,-8.962502,0
471,-0.08221446,1.4195322,-9.247993,0
472,-0.08286081,1.4579833,-9.475227,0
473,-0.0819074,1.4911937,-9.878456,0
474,-0.08014168,1.506594,-10.247597,0
475,-0.07820952,1.5233922,-10.384377,0
476,-0.07613491,1.5406743,-10.632484,0
477,-0.07509863,1.5561707,-10.687996,0
478,-0.07972406,1.5709664,-10.752876,0
479,-0.08285318,1.5855134,-10.807228,0
480,-0.085254714,1.6002417,-10.688698,0
481,-0.08638235,1.61063,-10.624977,0
482,-0.086881906,1.6177857,-10.568123,0
483,-0.087088354,1.6282737,-10.536781,0
484,-0.08696065,1.6392483,-10.479622,0
485,-0.0862562,1.6459752,-10.446236,0
486,-0.08569823,1.6582004,-10.447426,0
487,-0.086643696,1.6709255,-10.451057,0
488,-0.08701438,1.6770678,-10.485756,0
489,-0.08659361,1.6795287,-10.552498,0
490,-0.08595462,1.6785736,-10.561867,0
491,-0.08488876,1.6801494,-10.588814,0
492,-0.084251665,1.6792382,-10.582863,0
493,-0.08320625,1.6808363,-10.6056595,0
494,-0.08123556,1.6817536,-10.651466,0
495,-0.079024985,1.6794488,-10.6491165,0
496,-0.077217124,1.6754704,-10.666756,0
497,-0.07615056,1.6719253,-10.721687,0
498,-0.07525001,1.6686352,-10.78434,0
499,-0.07399686,1.6639229,-10.828346,0
500,-0.07237896,1.6561742,-10.866676,0
501,-0.06945436,1.6420333,-10.908546,0
502,-0.066398405,1.624441,-10.962318,0
503,-0.06301192,1.5972726,-10.986946,0
504,-0.05974494,1.5690666,-11.010048,0
505,-0.056460273,1.5331388,-10.880714,0
506,-0.053698495,1.4960618,-10.737404,0
507,-0.05210893,1.4481974,-10.940071,0
508,-0.048214067,1.4038316,-10.968605,0
509,-0.04243892,1.3472221,-10.99015,0
510,-0.035311814,1.2824409,-11.028694,0
511,-0.026920155,1.2108982,-11.042458,0
512,-0.017435445,1.135444,-10.987953,0
513,-0.00728119,1.0574151,-10.924202,0
514,0.0026298044,0.9801509,-10.848061,0
515,0.012376287,0.9036662,-10.787117,0
516,0.02557021,0.8350279,-10.348824,0
517,0.051124766,0.7808001,-10.070381,0
518,0.071258515,0.73768276,-9.598274,0
519,0.08648009,0.7027425,-9.094429,0
520,0.097345784,0.67418456,-8.766609,0
521,0.10530128,0.6501503,-8.532112,0
522,0.11217236,0.6286387,-8.2289505,0
523,0.120596655,0.61117184,-7.8960342,0
524,0.12801935,0.60024256,-7.7485733,0
525,0.12885469,0.59375256,-7.7689896,0
526,0.12726058,0.5909972,-7.949135,0
527,0.12464723,0.5908056,-8.157753,0
528,0.121427074,0.5921562,-8.33506,0
529,0.11783184,0.5939834,-8.400398,0
530,0.11374893,0.5956795,-8.412605,0
531,0.10975889,0.5973072,-8.385902,0
532,0.105945826,0.59874356,-8.337257,0
533,0.10114906,0.59982824,-8.2705765,0
534,0.09777935,0.6008981,-8.220741,0
535,0.093647994,0.6018431,-8.189583,0
536,0.08955057,0.60289395,-8.191719,0
537,0.085632615,0.6040746,-8.203804,0
538,0.0819584,0.6053016,-8.21833,0
539,0.07834966,0.6067559,-8.2749405,0
540,0.07477645,0.6081588,-8.299751,0
541,0.07092242,0.6093099,-8.295692,0
542,0.06676208,0.610111,-8.264229,0
543,0.062648855,0.61050105,-8.211922,0
544,0.059055913,0.6106224,-8.151314,0
545,0.055075135,0.6104526,-8.076881,0
546,0.05153314,0.6100322,-7.9971085,0
547,0.0483237,0.60939854,-7.921364,0
548,0.044650782,0.6085139,-7.8384476,0
549,0.04147369,0.60743296,-7.758583,0
550,0.038859744,0.60623294,-7.681526,0
551,0.03647151,0.6050142,-7.5849075,0
552,0.034452822,0.60439414,-7.536812,0
553,0.032864857,0.60470587,-7.5208817,0
554,0.03164968,0.6060216,-7.524788,0
555,0.031100646,0.6166942,-7.520241,0
556,0.03196389,0.6250542,-7.5268936,0
557,0.033132005,0.64089555,-7.4996414,0
558,0.03465414,0.6597224,-7.4864883,0
559,0.037325468,0.6802248,-7.5328445,0
560,0.044527493,0.70243406,-7.7969437,0
561,0.04916153,0.72537804,-8.209541,0
562,0.051344484,0.75499296,-8.45414,0
563,0.054068167,0.7900286,-8.937447,0
564,0.054692134,0.8195927,-9.536629,0
565,0.057404596,0.8494408,-10.083473,0
566,0.055721138,0.8771188,-10.507912,0
567,0.052513555,0.9045765,-10.829048,0
568,0.048245266,0.92947346,-11.295265,0
569,0.045880374,0.9367198,-11.621895,0
570,0.042967327,0.9379303,-11.967842,0
571,0.040018473,0.9344622,-12.343025,0
572,0.03802488,0.9265131,-12.654427,0
573,0.0352403,0.9209154,-12.876991,0
574,0.03146768,0.9164094,-13.102699,0
575,0.026215866,0.9125193,-13.351875,0
576,0.020183451,0.9096041,-13.6317215,0
577,0.015116108,0.9079259,-13.901009,0
578,0.011323182,0.90729386,-14.132729,0
579,0.009105474,0.9075495,-14.328712,0
580,0.0070860507,0.9082915,-14.522072,0
581,0.005557481,0.9095437,-14.613014,0
582,0.004632652,0.9104366,-14.696388,0
583,0.003431378,0.911253,-14.758705,0
584,0.0021472564,0.91205704,-14.849709,0
585,0.00031625945,0.9129949,-14.930794,0
586,-0.0017941156,0.9140947,-15.0544815,0
587,-0.0037785848,0.91533893,-15.104774,0
588,-0.005800055,0.9160618,-15.161446,0
589,-0.0081055965,0.9166317,-15.223854,0
590,-0.010562214,0.91737366,-15.312813,0
591,-0.012620431,0.9182677,-15.360054,0
592,-0.014301845,0.9188873,-15.409828,0
593,-0.016126897,0.9193771,-15.475533,0
594,-0.018157052,0.9199053,-15.539589,0
595,-0.020195615,0.9203861,-15.610939,0
596,-0.021753201,0.920828,-15.62925,0
597,-0.02069643,0.9173304,-15.531563,0
598,-0.019894717,0.9162507,-15.438484,0
599,-0.01842063,0.9140196,-15.326241,0
600,-0.016277138,0.91113293,-15.219154,0
601,-0.013408309,0.9064248,-15.132149,0
602,-0.008880476,0.89694446,-15.028877,0
603,-0.0024701157,0.8838136,-14.849983,0
604,0.0043930523,0.8704103,-14.60804,0
605,0.010510666,0.8616971,-14.407692,0
606,0.016976133,0.84775347,-14.362526,0
607,0.019801464,0.8417993,-14.4399185,0
608,0.02074956,0.8394549,-14.572395,0
609,0.019893423,0.8389815,-14.750893,0
610,0.01954686,0.8397553,-14.873573,0
611,0.019407608,0.84106237,-14.967873,0
612,0.019409623,0.84256023,-15.035316,0
613,0.019765118,0.84419835,-15.102608,0
614,0.02035953,0.84589446,-15.1491165,0
615,0.021590972,0.84760374,-15.140877,0
616,0.023375094,0.8491455,-15.1143875,0
617,0.02540559,0.85063666,-15.066505,0
618,0.027663197,0.85183483,-15.001076,0
619,0.03023876,0.85333693,-14.98304,0
620,0.032145433,0.85470337,-15.016548,0
621,0.033657044,0.8566618,-15.052559,0
622,0.0350428,0.85969096,-15.07151,0
623,0.035808697,0.86307615,-15.107582,0
624,0.037135344,0.8670805,-15.053627,0
625,0.037787087,0.87094676,-15.040993,0
626,0.03853844,0.874762,-15.117928,0
627,0.040427953,0.87745965,-15.265236,0
628,0.04227973,0.88068366,-15.382973,0
629,0.04381833,0.88626045,-15.483467,0
630,0.044773147,0.8928711,-15.528938,0
631,0.04559507,0.89959264,-15.588936,0
632,0.046779223,0.9056889,-15.588753,0
633,0.04744453,0.9087457,-15.571724,0
634,0.048262943,0.9091875,-15.566383,0
635,0.049479768,0.9076541,-15.54319,0
636,0.0503216,0.90533787,-15.562904,0
637,0.05081005,0.9028313,-15.610451,0
638,0.0512138,0.9003608,-15.666054,0
639,0.05164252,0.89794856,-15.728249,0
640,0.05282503,0.8959811,-15.726204,0
641,0.05357659,0.89395165,-15.765266,0
642,0.05499622,0.89209366,-15.749153,0
643,0.05651831,0.89032245,-15.734779,0
644,0.057923257,0.8883252,-15.733528,0
645,0.05935606,0.88620263,-15.697395,0
646,0.061453383,0.88427925,-15.658363,0
647,0.06278902,0.88227195,-15.617744,0
648,0.06483849,0.880615,-15.564278,0
649,0.06638807,0.8793359,-15.524605,0
650,0.06720761,0.8779533,-15.524605,0
651,0.06827586,0.8767768,-15.548225,0
652,0.06953248,0.87607,-15.561836,0
653,0.07043746,0.87572354,-15.602211,0
654,0.07103154,0.87560034,-15.654945,0
655,0.071570866,0.8755548,-15.698402,0
656,0.071932554,0.87585634,-15.767342,0
657,0.07147025,0.87964714,-15.808876,0
658,0.07092063,0.8882742,-15.56208,0
659,0.0698569,0.89724696,-15.467262,0
660,0.069677144,0.90479094,-15.399086,0
661,0.069647,0.91290116,-15.311531,0
662,0.07050044,0.91981274,-15.187202,0
663,0.070794374,0.9300949,-15.121864,0
664,0.0703001,0.9455863,-15.044685,0
665,0.067707285,0.9645967,-15.006966,0
666,0.060741972,0.9827084,-14.918434,0
667,0.052070558,0.9993532,-14.796364,0
668,0.04313059,1.0149618,-14.615791,0
669,0.032707993,1.0291711,-14.443916,0
670,0.022693723,1.0436268,-14.389931,0
671,0.013226972,1.058662,-14.376442,0
672,0.004270697,1.0748274,-14.3899,0
673,-0.0025338363,1.0839838,-14.4850235,0
674,-0.005297156,1.0863016,-14.594643,0
675,-0.007522368,1.0866797,-14.750099,0
676,-0.008674519,1.0860193,-14.871223,0
677,-0.009674468,1.084529,-14.99601,0
678,-0.010800501,1.0828583,-15.140358,0
679,-0.012070699,1.0812647,-15.309975,0
680,-0.012356747,1.0782186,-15.337288,0
681,-0.012154396,1.0757192,-15.34568,0
682,-0.011483253,1.072316,-15.334938,0
683,-0.009404357,1.0677388,-15.319954,0
684,-0.0077916593,1.0637558,-15.350807,0
685,-0.0052676667,1.0579584,-15.375771,0
686,-0.0041231234,1.0557288,-15.383675,0
687,-0.0033763526,1.0535346,-15.419441,0
688,-0.0035445653,1.051659,-15.450508,0
689,-0.0036343057,1.050242,-15.491249,0
690,-0.00398113,1.0490235,-15.543831,0
691,-0.0040676882,1.0478994,-15.573921,0
692,-0.0038147205,1.04562,-15.628761,0
693,-0.0033353204,1.0420198,-15.59333,0
694,-0.0042605004,1.0380564,-15.542244,0
695,-0.0035020625,1.0332576,-15.492256,0
696,-0.0030184109,1.0284125,-15.4355545,0
697,-0.0016087526,1.0217395,-15.37104,0
698,-0.0011542859,1.018599,-15.313454,0
699,-0.0006320672,1.0151874,-15.273964,0
700,-0.00027497765,1.0111208,-15.237709,0
701,1.6580336e-05,1.0050756,-15.213417,0
702,0.0015231082,0.99491465,-15.21891,0
703,0.0069324384,0.98131824,-15.22126,0
704,0.014154111,0.9679176,-15.159096,0
705,0.020583961,0.9522807,-15.150673,0
706,0.02957273,0.930773,-15.163612,0
707,0.03730846,0.912445,-15.183815,0
708,0.041795127,0.8986447,-15.389992,0
709,0.04409425,0.889675,-15.665596,0
710,0.045736857,0.8850963,-15.885841,0
711,0.047175996,0.8834413,-16.02021,0
712,0.048196107,0.88285,-16.098152,0
713,0.04968248,0.8827084,-16.12162,0
714,0.050933875,0.8824496,-16.163155,0
715,0.05259247,0.8822754,-16.168648,0
716,0.053942326,0.88191175,-16.193,0
717,0.058599137,0.8822834,-16.21894,0
718,0.06021744,0.8813998,-16.279274,0
719,0.061592974,0.88016534,-16.336952,0
720,0.06297925,0.87872154,-16.3946,0
721,0.06427322,0.8771844,-16.46009,0
722,0.06547722,0.8756758,-16.535683,0
723,0.067062765,0.8743653,-16.618355,0
724,0.073970415,0.874592,-16.703804,0
725,0.08014198,0.8746772,-16.751442,0
726,0.08557408,0.8746404,-16.77723,0
727,0.090465635,0.8744972,-16.80091,0
728,0.09498639,0.8742176,-16.808937,0
729,0.09949879,0.87395483,-16.803047,0
730,0.10306046,0.87351346,-16.79255,0
731,0.10453317,0.872491,-16.804756,0
732,0.104088694,0.87111163,-16.830696,0
733,0.106045574,0.87109715,-16.943733,0
734,0.10500299,0.87102056,-17.030922,0
735,0.10361182,0.87114376,-17.152626,0
736,0.102103464,0.8713385,-17.261452,0
737,0.10071715,0.87160486,-17.361336,0
738,0.09947463,0.87200904,-17.44999,0
739,0.098396845,0.8724246,-17.519081,0
740,0.0974727,0.8729142,-17.581886,0
741,0.09667189,0.8733735,-17.63816,0
742,0.096008636,0.8736866,-17.680458,0
743,0.09540756,0.8740691,-17.719215,0
744,0.09485406,0.8743971,-17.756691,0
745,0.09437404,0.874508,-17.78556,0
746,0.09367339,0.8756433,-17.803474,0
747,0.093462534,0.87521344,-17.835426,0
748,0.0952279,0.8762133,-17.845741,0
749,0.09892246,0.87548244,-17.856667,0
750,0.09995085,0.8754303,-17.814583,0
751,0.10113911,0.8752519,-17.78434,0
752,0.10105035,0.87501913,-17.74253,0
753,0.10122143,0.8755752,-17.70768,0
754,0.100420035,0.87681556,-17.682259,0
755,0.101003185,0.87929606,-17.662514,0
756,0.10105006,0.88221776,-17.645271,0
757,0.099708274,0.888262,-17.481209,0
758,0.10029138,0.89139974,-17.135292,0
759,0.09791286,0.8998403,-17.005684,0
760,0.098266535,0.9043478,-16.805855,0
761,0.10057199,0.9046086,-16.632973,0
762,0.10303836,0.9072918,-16.457527,0
763,0.105794944,0.91224426,-16.24015,0
764,0.10813067,0.9217969,-16.039925,0
765,0.10623418,0.93729496,-15.829536,0
766,0.100532144,0.9530249,-15.591286,0
767,0.09509314,0.97026426,-15.308937,0
768,0.089973494,0.98763317,-14.968941,0
769,0.0832738,1.0049086,-14.636513,0
770,0.07173309,1.019262,-14.399971,0
771,0.060871735,1.0331984,-14.244453,0
772,0.05039705,1.0471848,-14.126686,0
773,0.041115772,1.0614488,-13.999123,0
774,0.034632713,1.0768048,-13.903877,0
775,0.025640031,1.0917656,-13.827736,0
776,0.015983663,1.1076446,-13.802589,0
777,0.0073222965,1.1247218,-13.7541275,0
778,-0.0012164805,1.1423285,-13.715279,0
779,-0.00847123,1.160078,-13.653358,0
780,-0.01550546,1.1761618,-13.605568,0
781,-0.020486986,1.1975205,-13.500008,0
782,-0.026598053,1.2229177,-13.290077,0
783,-0.03253726,1.2515371,-13.233589,0
784,-0.036276378,1.2784244,-13.1568985,0
785,-0.03836171,1.2942564,-13.044014,0
786,-0.039670736,1.3051991,-13.142342,0
787,-0.041316975,1.3138899,-13.306343,0
788,-0.041941512,1.3168517,-13.355934,0
789,-0.041173987,1.3148334,-13.42115,0
790,-0.040841825,1.3166479,-13.48304,0
791,-0.040229052,1.3175749,-13.490181,0
792,-0.038688947,1.3144461,-13.523018,0
793,-0.03762821,1.3167434,-13.576546,0
794,-0.036640584,1.3184565,-13.576637,0
795,-0.035350487,1.3176346,-13.601295,0
796,-0.03375347,1.3144004,-13.639961,0
797,-0.031993628,1.3117629,-13.676796,0
798,-0.029961271,1.3085703,-13.7185135,0
799,-0.027108025,1.3030583,-13.760262,0
800,-0.022846665,1.2945559,-13.760323,0
801,-0.016960716,1.282355,-13.742348,0
802,-0.009455981,1.2663834,-13.762489,0
803,-0.00097181834,1.2446755,-13.792641,0
804,0.008327801,1.2155261,-13.861916,0
805,0.015661202,1.184856,-14.09745,0
806,0.018827869,1.155525,-14.361122,0
807,0.018163813,1.1229044,-14.55265,0
808,0.020958606,1.0880066,-14.67292,0
809,0.022664564,1.0529101,-15.36927,0
810,0.025090024,1.0147331,-15.918282,0
811,0.028075943,0.9746547,-16.423317,0
812,0.03272725,0.9347616,-16.822975,0
813,0.041058544,0.8984004,-17.369484,0
814,0.047195893,0.8739308,-17.878517,0
815,0.051989574,0.8564683,-18.448494,0
816,0.056154598,0.8398597,-19.050423,0
817,0.059508137,0.8242495,-19.70121,0
818,0.066566244,0.8131908,-20.16697,0
819,0.07525716,0.8061758,-20.506233,0
820,0.08393581,0.80288726,-20.630318,0
821,0.08879472,0.80145365,-20.696938,0
822,0.090777144,0.8028821,-20.70234,0
823,0.09111425,0.8053686,-20.688728,0
824,0.090882465,0.8086437,-20.640388,0
825,0.090367526,0.81226325,-20.59385,0
826,0.08969182,0.8162087,-20.550453,0
827,0.088836595,0.8202538,-20.529396,0
828,0.08791735,0.8244309,-20.509438,0
829,0.08717687,0.82907057,-20.443062,0
830,0.08593339,0.8334535,-20.443428,0
831,0.08468758,0.83772147,-20.45121,0
832,0.08342688,0.84190226,-20.465218,0
833,0.082243994,0.84594816,-20.481148,0
834,0.08106858,0.84999007,-20.502449,0
835,0.079919405,0.8540248,-20.522804,0
836,0.07869984,0.8579905,-20.54609,0
837,0.07748279,0.86186665,-20.573708,0
838,0.076278254,0.8657035,-20.595985,0
839,0.07504623,0.8692583,-20.603737,0
840,0.073357284,0.8717615,-20.565956,0
841,0.07203171,0.8743606,-20.517494,0
842,0.07127336,0.876517,-20.476112,0
843,0.07046608,0.87797314,-20.42472,0
844,0.07019513,0.87923664,-20.391945,0
845,0.06972939,0.88011825,-20.355202,0
846,0.07190963,0.88155717,-20.27967,0
847,0.073506705,0.882416,-20.222633,0
848,0.07409166,0.8818829,-20.185127,0
849,0.07516721,0.880713,-20.172096,0
850,0.076697946,0.8786849,-20.164375,0
851,0.07794566,0.8769778,-20.179817,0
852,0.07903062,0.87596464,-20.18351,0
853,0.07966195,0.8754115,-20.197395,0
854,0.08010959,0.8753976,-20.173317,0
855,0.08034924,0.8760398,-20.166206,0
856,0.07680676,0.8852436,-20.1157,0
857,0.07050398,0.8980963,-19.975746,0
858,0.06113899,0.91520745,-19.772774,0
859,0.053468212,0.93456763,-19.502785,0
860,0.041897856,0.94844735,-19.16053,0
861,0.035474956,0.95592666,-19.106056,0
862,0.030982608,0.9605423,-19.09565,0
863,0.027822364,0.96402276,-19.133705,0
864,0.0256391,0.96349394,-19.333443,0
865,0.022625942,0.9601109,-19.645363,0
866,0.020453826,0.95662385,-19.890785,0
867,0.018448189,0.9519359,-20.095314,0
868,0.018176317,0.94952166,-20.123695,0
869,0.021224272,0.9448806,-20.078682,0
870,0.026778426,0.93876433,-20.087135,0
871,0.032004066,0.93545026,-20.132484,0
872,0.038247712,0.9320129,-20.137001,0
873,0.04314967,0.9320298,-20.14048,0
874,0.046967007,0.93278736,-20.136757,0
875,0.049989283,0.93484896,-20.08323,0
876,0.05202813,0.9373032,-20.019966,0
877,0.05349494,0.93986535,-19.915047,0
878,0.054846637,0.9424958,-19.792671,0
879,0.056574352,0.94510764,-19.635658,0
880,0.058923163,0.9479048,-19.466164,0
881,0.061907895,0.950826,-19.29441,0
882,0.063562855,0.9529412,-19.158546,0
883,0.0649147,0.95466715,-19.009651,0
884,0.06512841,0.9555462,-18.807533,0
885,0.0650877,0.95596224,-18.555794,0
886,0.064282775,0.9558782,-18.331215,0
887,0.06327718,0.95557845,-18.08802,0
888,0.06499898,0.9512154,-17.990059,0
889,0.0657123,0.9498984,-17.925697,0
890,0.066555426,0.94831693,-17.839638,0
891,0.0662404,0.94669104,-17.738625,0
892,0.064880885,0.9487264,-17.603706,0
893,0.064173214,0.9475331,-17.436897,0
894,0.06451305,0.9471839,-17.24894,0
895,0.0659146,0.9472277,-17.015022,0
896,0.065803036,0.94686127,-16.774696,0
897,0.0658756,0.946036,-16.538399,0
898,0.06923344,0.9456691,-16.42765,0
899,0.071687415,0.9453437,-16.33802,0
900,0.07375063,0.94227004,-16.264595,0
901,0.07688091,0.9386755,-16.272377,0
902,0.07903026,0.92806506,-16.535378,0
903,0.080938764,0.9121368,-16.790077,0
904,0.08354197,0.8912767,-17.04966,0
905,0.08713846,0.86891645,-17.3928,0
906,0.09140041,0.84558326,-17.557045,0
907,0.09311811,0.82991856,-17.861855,0
908,0.09140629,0.82243544,-18.107826,0
909,0.089296356,0.81994766,-18.358772,0
910,0.08738866,0.8204884,-18.555214,0
911,0.085871205,0.8225726,-18.668373,0
912,0.08418602,0.8253983,-18.714699,0
913,0.082791716,0.82849175,-18.735146,0
914,0.08188135,0.8317148,-18.740883,0
915,0.08101721,0.83502936,-18.735817,0
916,0.08032724,0.83841515,-18.74604,0
917,0.07978171,0.8414459,-18.738838,0
918,0.07930728,0.84445876,-18.746315,0
919,0.07899467,0.84724456,-18.73478,0
920,0.07876141,0.849595,-18.715157,0
921,0.07840767,0.85272574,-18.732643,0
922,0.07849429,0.8550113,-18.746254,0
923,0.07882742,0.8570959,-18.779366,0
924,0.07915044,0.8591815,-18.787392,0
925,0.079135545,0.86211646,-18.806313,0
926,0.07931324,0.8647724,-18.824196,0
927,0.07959891,0.86727303,-18.857521,0
928,0.07941637,0.8694375,-18.869606,0
929,0.0789531,0.8710665,-18.857552,0
930,0.076517366,0.872842,-18.907997,0
931,0.07457112,0.8748406,-18.949684,0
932,0.07305807,0.8774506,-18.981697,0
933,0.071955055,0.87947625,-18.983925,0
934,0.071142845,0.88150686,-18.98478,0
935,0.0709029,0.88411754,-18.998787,0
936,0.06503224,0.884487,-19.050392,0
937,0.060036853,0.8841041,-19.091438,0
938,0.055504795,0.8828346,-19.110146,0
939,0.051926292,0.879928,-19.149055,0
940,0.050192017,0.8761332,-19.204567,0
941,0.048794515,0.8717166,-19.271461,0
942,0.047643702,0.8676474,-19.35633,0
943,0.046575326,0.8640132,-19.445107,0
944,0.04667366,0.86118406,-19.52372,0
945,0.04727511,0.8588979,-19.596626,0
946,0.047958747,0.85685855,-19.639534,0
947,0.04999976,0.85560066,-19.630775,0
948,0.053473994,0.8549297,-19.584084,0
949,0.056713782,0.85413766,-19.51609,0
950,0.06008351,0.85343677,-19.432137,0
951,0.061034128,0.85215366,-19.36927,0
952,0.063965306,0.851933,-19.311684,0
953,0.067154735,0.8524495,-19.219398,0
954,0.069856755,0.85354555,-19.159431,0
955,0.07244443,0.85520756,-19.076515,0
956,0.07056771,0.868368,-18.962929,0
957,0.06393599,0.8867522,-18.813484,0
958,0.055539,0.9054506,-18.672981,0
959,0.04691192,0.9248304,-18.610603,0
960,0.040887296,0.94040287,-18.401863,0
961,0.038076244,0.9514964,-18.122414,0
962,0.036641218,0.95984674,-17.9719,0
963,0.03811421,0.9659153,-17.817421,0
964,0.04547901,0.9639851,-17.533241,0
965,0.054207444,0.96253157,-17.193947,0
966,0.06485452,0.9612134,-16.96119,0
967,0.07538686,0.9563428,-16.80915,0
968,0.084741406,0.9525737,-16.694344,0
969,0.09385328,0.9484152,-16.58625,0
970,0.10291499,0.94408363,-16.480965,0
971,0.11229263,0.9376789,-16.385658,0
972,0.120152995,0.9349224,-16.26432,0
973,0.12759818,0.9334815,-16.092262,0
974,0.13479616,0.93127304,-16.000221,0
975,0.13959013,0.93429077,-15.905678,0
976,0.14333832,0.9363594,-15.782356,0
977,0.14488357,0.9377446,-15.708015,0
978,0.14560805,0.9388989,-15.648567,0
979,0.1465927,0.9389607,-15.584969,0
980,0.14769243,0.9386568,-15.53437,0
981,0.1486681,0.93844444,-15.490578,0
982,0.14937785,0.93841773,-15.45179,0
983,0.14980413,0.93851787,-15.417641,0
984,0.14996317,0.9387046,-15.387672,0
985,0.14985251,0.93891424,-15.3635025,0
986,0.14947937,0.9391815,-15.343056,0
987,0.14879808,0.9393875,-15.325996,0
988,0.14763185,0.93936884,-15.31385,0
989,0.14658111,0.9388321,-15.265175,0
990,0.14274457,0.94517344,-15.180214,0
991,0.13729987,0.9565529,-15.014961,0
992,0.1314782,0.9684357,-14.8498,0
993,0.12642294,0.9787605,-14.683327,0
994,0.12199131,0.9870466,-14.566475,0
995,0.11900219,0.992382,-14.454079,0
996,0.11752639,0.9946764,-14.369179,0
997,0.117258474,0.99409294,-14.299965,0
998,0.11783074,0.9913122,-14.273476,0
999,0.118740305,0.987007,-14.300911,0
