,0,1,2,3,4,5,6,7,8,9,10,11,12,13,14,15,16,17,18,19,20,21,22,23,24,25,26,27,28,29,30,31,32,33,34,35,36,37,38,39,40,41,42,43,44,45,46,47
0,-0.7332128315474875,0.5474533256783238,-0.01989426658218907,-0.3389813319733517,-0.9620249794310745,0.8725110219433267,0.5491899751594045,0.13020808664910888,0.03301274079048122,0.13000420712102412,0.044723749016008174,-0.3319381664104173,0.4126503447036771,0.34206253328583225,-0.3547870164529221,0.01508540042125217,-0.9019816941269123,-0.315772962890555,-0.4128746038596989,-0.31917342604677024,0.6576584473154097,0.0633262173510587,-0.32101623854576067,0.7780625402861727,0.10554945372864344,-0.9626286655405714,-0.8179504675224476,-0.3472618511832912,0.5299677543065959,-0.7835585662635718,-0.9679655641098224,-0.5481319739836215,0.6327886356886183,0.7285094440880129,0.8509201926850691,-0.14525313306297516,-0.9790956467449392,0.4536002768546139,-0.9674841630742299,-0.9181065478637096,-0.7348210399918478,-0.9607432829024942,-0.8874223673871229,-0.4017611638851326,0.8265873747817356,-0.6678591346073057,-0.5054932967109314,0.09513119366148093
1,0.4030581907075117,0.8136989001926751,0.5366348628046191,-0.19352381204498803,-0.2896353952644164,0.2063545196685137,-0.20246368968969675,-0.9251060708014383,-0.7288516812176422,0.2432676130727982,-0.72572349763474,-0.37403354804139766,0.11919243195726703,0.47224885241473635,-0.9110509014281454,0.1967747872280705,0.13673558293786026,-0.6082912221189662,0.5977917232410721,0.5355598919689202,-0.4295175026752365,0.49712509538165217,-0.992694874455591,0.6431182146792045,0.01546139007070435,0.8990657344673945,0.1625328596383342,-0.16080634273940086,0.14260356133082386,-0.6115138048690993,-0.2655691684467396,-0.07331128114395469,-0.8273653289571488,0.8971683942878836,0.8559214454046127,-0.6542226986437296,0.7383444091996678,0.22960195390093618,0.2144448827573151,-0.30451656807561434,0.4456814602076551,0.7205049199893783,0.8521229163487918,-0.4769867351819521,0.23161085581463747,-0.8828149667121756,0.07972895576246031,0.16592264086595154
2,0.2568655707249614,0.8361791438155703,-0.4359315506951158,0.7070497526014781,-0.9597866556760661,0.36262755916501055,0.7750677140294706,0.4197085200414885,-0.014828220551639015,-0.6432448954669328,-0.9138652453293441,0.3729964800681429,0.14817099403626965,-0.3961044609643596,0.5024580875461611,-0.09487298508360165,-0.007570095838268287,0.709745627670604,0.4241286440622878,-0.5791476249314025,-0.3302249658720018,0.10654607180619524,-0.0919632852004566,-0.8598305978960368,0.8486668109337194,-0.14531335182729155,0.21910740001558815,0.06203109042642829,0.255755908757354,0.6812845893039299,0.131595473726966,-0.9891339966366628,-0.22765788799068343,-0.0809516986832588,0.41661187840972214,0.34179760608257403,0.02520147497868619,0.9083878221417028,-0.11521306752724492,-0.29092541150664375,0.0350498986543093,0.9615158456626638,0.4791352723649791,0.706095906523668,0.6526147824816897,-0.47525820712242384,-0.09544211839093508,0.672156215188739
3,-0.40315224302086516,-0.5073748942168839,-0.7192356773479036,-0.1765413597777432,0.3029554197058495,-0.43545648826469163,0.5987347080225986,0.8458069625574258,-0.48644708315619023,0.24700020711270398,0.29838195433036696,0.17592206369415453,-0.4559686169170296,0.14096873368110252,-0.2495797256294403,0.758336481895681,0.11050613543717125,-0.6675888491761406,-0.6210455217210096,-0.5081921518527839,0.924250208012513,-0.12333998977983818,0.09491184804674169,0.9604148684939124,0.7622219114149713,0.17928123254456496,0.8836826192017446,-0.57314683785741,0.8998723317518138,-0.4504795319457888,-0.5237992214312093,0.3836675292109819,-0.4455544182340996,-0.5976028117241015,0.9019206282083854,-0.9290872489582194,0.546520373053492,0.32855103155984455,0.316822424210796,-0.24038926868455124,-0.7897265140324403,0.5235357749832781,0.6993217759901682,0.6171316068966468,0.5208496737500126,0.975089704019857,0.3998895568348908,0.6665910149359431
4,-0.40315224302086516,-0.5073748942168839,-0.9279369926218126,-0.1765413597777432,0.3029554197058495,-0.43545648826469163,0.5987347080225986,0.8458069625574258,-0.543999000677065,0.24700020711270398,0.3257175193607049,0.17592206369415453,-0.4559686169170296,0.14096873368110252,-0.2495797256294403,0.758336481895681,0.11050613543717125,-0.6675888491761406,-0.7483121458919135,-0.5506222929901865,0.924250208012513,-0.12333998977983818,0.09491184804674169,0.9604148684939124,0.7622219114149713,0.17928123254456496,0.8256559523640641,-0.57314683785741,0.8998723317518138,-0.053384996667490636,-0.5237992214312093,0.3836675292109819,-0.4455544182340996,-0.5976028117241015,0.9019206282083854,-0.9290872489582194,0.546520373053492,0.32855103155984455,-0.06175346046204577,-0.24038926868455124,-0.7897265140324403,0.47668141345269843,0.7088338165774504,0.5667549976008994,0.5208496737500126,0.975089704019857,0.3998895568348908,0.6665910149359431
5,-0.9713941787980847,0.28049548461897866,0.5440547604877346,-0.7667757444090564,0.7263784543949934,0.7068112452696178,-0.4566830546287386,0.7540763196891322,0.4636366791657758,0.3115015564514083,-0.24071954716830302,-0.6086527342788257,0.5806687125612673,0.9134907240817713,-0.8699042886839796,0.46089985653813903,0.816194774868964,0.9108559016677609,-0.32675125430472973,-0.1846945004361753,0.4150297708913273,-0.5023703537035273,0.7966076538747122,-0.5845353005437415,-0.16293755111627828,-0.6439518929397283,0.9728980706342494,0.14272761434719294,-0.4660376546412901,-0.0214747731597138,-0.4340998988125486,0.6281540330259499,-0.4026739049740691,-0.12988869202815123,-0.9003872208589141,-0.4510070995000166,-0.7649088308883496,-0.8933569387402418,-0.5909813499432741,0.00922062860337225,-0.4366000405103794,0.4891653117635808,-0.9780875680622025,0.48229180900811053,0.828684359576163,0.9498890828790711,-0.1397047275407446,-0.09669039792147949
6,-0.5230884718453002,-0.2941246972969904,-0.2123600886062298,0.24132397597121047,0.7328946866549926,0.8491836111730766,-0.30137926070823395,0.8459435876916712,-0.11094874853164183,-0.5427865730244259,0.8045506286477959,-0.22890387218623975,0.5406834058123702,-0.5731943691887584,0.14493192514002828,0.9923811048996443,-0.673103448149895,0.24049623310682855,-0.9972093753806124,0.9568317762350358,0.26355413564079644,-0.29146870048606766,-0.9116522011229109,-0.6581509398983274,0.604740558322203,0.1808558586456548,0.8309074080485481,0.5332831628472539,0.467351037075761,-0.12615658328127943,-0.8235181058425596,-0.6782180490232601,-0.5347142320127602,-0.5581666883458432,0.2188345216705634,0.7839960300624962,-0.4444521565892967,-0.8262200964893487,-0.33288294530603046,-0.17166380455788466,-0.46051181061058455,0.8895680578372682,0.2712637890986458,-0.43819445514189037,-0.8717629628239221,0.6669857393061844,-0.3704381977951188,-0.5346516575426736
7,-0.8930702354624782,0.6549005654587738,-0.11293474508367907,-0.6088243964469002,0.33759546989021616,-0.7575626838086171,-0.5976896343414846,0.9590982154806791,0.8710709309293843,0.17786621377213963,-0.11956862791367429,0.9289663778248762,-0.3527749596692167,-0.06093143769808407,-0.8052893189067685,0.7474839235370137,-0.5760621056621997,0.43299433038978763,-0.6337761578706744,0.7428699389262436,-0.7259828925057685,0.08097393434739097,-0.3391533329813321,0.7469899374634923,-0.8512772555948607,-0.09055737191767377,0.27884477340806035,0.6869024288273038,0.11200149908902546,-0.9836724673694002,-0.013473905632547245,-0.2597320780554162,-0.07247477738961905,0.5811421140500781,-0.23360903797582178,-0.6757144690141419,0.2930783815300333,0.6702815050280273,-0.27592696936884353,-0.22241607669505425,-0.48298772663609246,-0.3202971928285274,-0.21324564327265816,0.30866329223844446,-0.8661605033918225,0.9757601008017669,0.5373195492985652,-0.0717483203019662
8,-0.8930702354624782,0.6549005654587738,0.16767724982351329,-0.6088243964469002,0.33759546989021616,-0.7575626838086171,-0.665887707715116,0.9590982154806791,0.8710709309293843,0.1857747636288416,-0.11696054471160955,0.9289663778248762,-0.25853850949593826,-0.18855833895968632,-0.9146860908342447,0.7474839235370137,-0.5929735368296694,0.43299433038978763,-0.41854066848745286,0.7428699389262436,-0.7259828925057685,0.08097393434739097,-0.3391533329813321,0.69551822142531,-0.8512772555948607,-0.09055737191767377,0.16782394396760258,0.6869024288273038,0.2970038432073756,-0.9716767203437726,0.03229230485523882,-0.13856734287426087,-0.07247477738961905,0.5811421140500781,-0.24703470608216715,-0.6757144690141419,0.2930783815300333,0.6702815050280273,-0.27592696936884353,-0.22241607669505425,-0.32164548545168037,-0.3202971928285274,-0.21324564327265816,0.30866329223844446,-0.9921434740818391,0.9757601008017669,0.5373195492985652,-0.0717483203019662
9,0.41167117474115655,0.13015742507589834,-0.7217632559534553,0.8957309349354039,-0.0711889203437972,0.7706691606632579,-0.4071929411227062,0.14883318319054117,-0.02468131910667748,0.10564756221710736,0.2625647411943597,0.5648746697139209,-0.19290063870565688,0.7610937794482506,0.6371785338462774,0.5834974769220191,-0.8435497074505263,0.15825118289689177,0.941778533521777,-0.23642027958617406,0.8291665518516074,-0.09401589207996852,0.9645813751451442,0.8107119516017383,0.08825858546698506,0.9371487140014336,-0.8993606901814377,0.22698665683548258,-0.9123470001183003,0.6809067119197729,0.3963349878248361,0.37102702374523844,-0.7980546805080269,-0.032521193511263924,0.5331948355455443,-0.7891916373439085,0.8503316810838573,0.6338413866246124,0.0470949210772631,-0.25653982799411335,0.0967438907653555,-0.5869430942762306,-0.6739971667454718,-0.07893910440192697,-0.28089546805370924,0.9667236327575905,0.7243863715379733,0.7781586738511885
10,0.7924389515229426,-0.7406757091421639,-0.17273410433986713,-0.9315779043359564,-0.23085789873313134,0.5316718355671031,0.24729709126872845,-0.6285363061828397,0.8567654363476329,0.6146376331088366,0.7028536901554296,-0.5186359797882205,0.8697042114972036,-0.4527264166615743,0.5816455752194745,-0.33811214141313517,-0.49363177191210283,0.1403696992304615,-0.7179269514761057,0.5987283308058278,-0.31825340814887504,0.3634192250444812,-0.1215161085825398,0.02546513281681606,-0.9052952318405294,0.7054357836126948,-0.5054802017303208,0.5515860616509953,-0.5050686658224741,-0.06464228142939388,-0.2104995715076181,-0.3246766111665731,0.3665077760186124,0.1905292578222766,0.7683495642916629,0.8920947066099763,0.8870094446161436,-0.30897037531410976,0.8995171394153292,0.9119947975170859,0.42587062919198226,0.23958392519725247,0.8270231855847414,0.7377439452619037,0.03974851193426776,-0.8319299112371559,-0.2165816130122089,0.6291868853022615
11,0.5670464228060996,0.8050033931678182,-0.5737052514078915,-0.057420232007487915,-0.24494109667314667,-0.935873141681629,-0.29305271995075177,-0.8657085202525723,0.9497794647717521,-0.2374568963902255,-0.40863881185980877,0.48840206784730356,-0.7902760718862127,-0.4809007272632744,0.25181151725942974,-0.251427023153207,0.31425654878222753,0.9727389685644112,0.8058793672379594,0.5548554701246884,0.37808420029591194,0.6997978073122986,-0.13701940198681517,0.6284121696536336,0.5665636816497521,-0.5763552200312556,-0.5653123746468875,0.7093069393762346,0.427421414246864,-0.347980334779034,-0.21588891280322087,0.7849847693933971,0.9848090657757838,-0.43929434569089487,-0.3786726385216581,-0.6349124414914336,-0.7318908730016582,0.9968242233521707,-0.9159760148642122,0.5490315617620585,0.3474914276452823,0.7361388216525762,-0.8050477970022998,0.8320939880323497,0.9498134292291338,-0.9171615779166795,0.97432390699925,0.6438053164417523
12,-0.13690152674950729,-0.6396007314545853,0.13416763431236722,-0.14664367070453221,-0.1486084019727174,0.13643105999859872,0.9135175763013215,-0.2034841426852283,0.9097607498580467,0.6208353540737976,0.8501905136492649,0.004814593803681655,0.496414054335637,0.10611152080577768,0.4820156747958897,-0.3696788464425942,0.042990176322527995,0.43468956633985134,0.5326585830465036,0.9045789435536924,0.21549826278667528,0.2377694501898766,-0.7756148433937073,0.47595371876287684,-0.7685156940359832,-0.14210690005942284,-0.528157126726496,-0.08385171592672314,0.5452561075288627,0.8076129470658326,0.916384870583195,-0.48422105126988413,-0.1657715669647366,-0.3512513139365674,0.003233299623394359,-0.3282642664948143,0.39473514527072795,0.7393798091226911,0.5814129101643726,-0.17677220769136492,-0.6301122759306448,-0.8068963729243359,0.27465292167464384,-0.10733163691470526,0.4829695590926082,-0.10998798637366436,0.3835380929852523,0.2587617999965779
13,-0.612720138964959,-0.6961999222864699,-0.35651890997592406,0.43780251274246607,-0.7412312659183025,0.32312840617662575,-0.2243656801909888,0.6062047614875246,-0.8691093370973453,-0.6968743698440729,-0.24851313234475292,-0.428507656560396,-0.6841082927132875,0.03844890795967659,0.8132358964348159,-0.7268472257332708,0.8533236266237592,0.4361102968858015,-0.24221707187042818,-0.259554163136021,-0.40718385046470984,-0.4948057830895738,0.6153016347086933,0.7389578614202119,0.423959888182033,0.8721290189889768,-0.08832881882314547,-0.6507602687120317,0.7940963306461484,0.9692599582006849,-0.085029982979697,0.14156504523025237,-0.7077965862356048,0.678884511151961,0.5098574879632347,-0.6796225428882177,0.27421405544630884,0.6230705918658472,-0.6648110690156239,-0.29569264404036,0.9182352496757507,0.4138748348244521,-0.4811821818377644,-0.3835201174723173,-0.06660556718841759,0.6047370852972238,0.31457075547460667,-0.029608060553460325
14,-0.3295193031052881,-0.6396007314545853,0.1574610210301448,-0.14664367070453221,-0.1486084019727174,0.13643105999859872,0.925542673263898,-0.2034841426852283,0.907995933989761,0.6208353540737976,0.8501905136492649,0.004814593803681655,0.44099011806548494,0.10611152080577768,0.20982780231674325,-0.3696788464425942,0.042990176322527995,0.43468956633985134,0.5326585830465036,0.9045789435536924,0.21549826278667528,0.2377694501898766,-0.7358056144444143,0.47595371876287684,-0.7685156940359832,-0.14210690005942284,-0.4375517348713036,-0.08385171592672314,0.5544916579068004,0.8076129470658326,0.916384870583195,-0.4540643492596037,-0.12967282975701933,-0.3512513139365674,0.003233299623394359,-0.49049514813353823,0.39473514527072795,0.7393798091226911,0.5814129101643726,-0.07685475276971987,-0.6301122759306448,-0.8068963729243359,0.27465292167464384,-0.10733163691470526,0.4829695590926082,-0.15119364935874424,0.3835380929852523,0.2587617999965779
15,0.9400111005147509,-0.9035430345935442,0.742180218339205,-0.3149671482936449,-0.9666488884507236,0.06943703293376946,-0.012703728867713204,0.609497422257848,0.7092362522076587,0.1477573696917016,-0.06160247828467247,0.008370763411283955,0.9500087520274769,-0.9321704037355134,0.06637651184285653,0.9914517298828773,0.9306653251359809,0.8068265266755883,0.40277202301539283,-0.1645728359860268,-0.5355755415658388,-0.31085175928596764,0.24937894579278264,0.6929049862408692,0.5757067271737555,-0.3758808307188317,-0.06991655444032929,-0.8664460849552771,-0.029817188998822797,-0.7662809580251007,0.38809092614636853,-0.25722771288914115,-0.14778759208869197,-0.1717148475544754,-0.8928490207171953,0.8163878754800453,0.771092340059206,0.30638942018439774,-0.5244194599323944,-0.7683010497847991,0.5635509156829226,0.2531692893188524,-0.8539678075941859,0.8501657974644112,0.6609809348835054,0.6842315518920494,0.8482314025496078,0.9516531974605931
16,-0.6460821718301635,-0.6961999222864699,-0.35651890997592406,0.43780251274246607,-0.6308725640648631,0.32312840617662575,-0.13820530587971436,0.6062047614875246,-0.8691093370973453,-0.6968743698440729,-0.4023708079907504,-0.428507656560396,-0.6841082927132875,0.03844890795967659,0.8132358964348159,-0.7268472257332708,0.8829615733591833,0.4361102968858015,-0.24221707187042818,-0.259554163136021,-0.40718385046470984,-0.4948057830895738,0.6153016347086933,0.7389578614202119,0.4680136898608438,0.8721290189889768,-0.08832881882314547,-0.28182393959315655,0.7940963306461484,0.9692599582006849,-0.085029982979697,0.14156504523025237,-0.7077965862356048,0.678884511151961,0.5098574879632347,-0.6796225428882177,0.27421405544630884,0.6230705918658472,-0.7314325755514601,-0.29569264404036,0.9182352496757507,0.4138748348244521,-0.4811821818377644,-0.3835201174723173,-0.06660556718841759,0.6047370852972238,0.4458450481495204,-0.029608060553460325
17,-0.9713941787980847,0.43340272562243687,0.5440547604877346,-0.7865893451711421,0.7263784543949934,0.629460385926478,-0.4566830546287386,0.7540763196891322,0.4636366791657758,0.3115015564514083,-0.24071954716830302,-0.6086527342788257,0.5806687125612673,0.9134907240817713,-0.8699042886839796,0.46089985653813903,0.816194774868964,0.9108559016677609,-0.5355911426858091,-0.1846945004361753,0.4150297708913273,-0.5023703537035273,0.7966076538747122,-0.5845353005437415,-0.16293755111627828,-0.6439518929397283,0.984008627891948,0.14272761434719294,-0.4660376546412901,-0.0214747731597138,-0.4340998988125486,0.6281540330259499,-0.4026739049740691,-0.12988869202815123,-0.9003872208589141,-0.4510070995000166,-0.7649088308883496,-0.8933569387402418,-0.5909813499432741,0.00922062860337225,-0.4366000405103794,0.4891653117635808,-0.9780875680622025,0.48229180900811053,0.828684359576163,0.9498890828790711,-0.1397047275407446,-0.09669039792147949
18,-0.13690152674950729,-0.6396007314545853,0.13416763431236722,-0.14664367070453221,-0.1486084019727174,0.13643105999859872,0.9135175763013215,-0.12385713592150593,0.9097607498580467,0.6208353540737976,0.8501905136492649,0.004814593803681655,0.496414054335637,0.10611152080577768,0.4820156747958897,-0.3696788464425942,-0.1566398831825957,0.43468956633985134,0.5326585830465036,0.9045789435536924,0.21549826278667528,0.2377694501898766,-0.8312078643320242,0.6203595803777033,-0.7685156940359832,-0.14210690005942284,-0.528157126726496,-0.08385171592672314,0.5452561075288627,0.8076129470658326,0.916384870583195,-0.48422105126988413,-0.1657715669647366,-0.47618502136653196,0.003233299623394359,-0.3282642664948143,0.39473514527072795,0.7393798091226911,0.5814129101643726,-0.20475066759336147,-0.6301122759306448,-0.8068963729243359,0.2766290339104853,-0.10733163691470526,0.4829695590926082,-0.10998798637366436,-0.0002913154508610294,0.2602630708523417
19,-0.6197792304162231,-0.9552675934967974,0.2979203436715445,0.993796141596424,-0.6998630674911412,-0.9285523069602644,-0.06828946947013259,0.8852000458460243,-0.1960935613205339,-0.12408728833705518,0.9884833360834153,-0.6397887202722485,0.9310538845680372,0.39207480071545153,-0.7085273032967234,-0.7987133124376975,0.561810804845196,0.4187838434118065,0.4461062218105807,0.8039596820326462,0.5550726939272648,-0.5481199072986414,0.942528796781039,0.739764202896614,-0.6869822323064503,-0.40545527232393064,0.07294907810797735,-0.5947149856940173,0.024913181426985842,0.7364463407988955,0.6956103870765074,0.31458548476575965,0.04763204834151491,-0.11083040312681391,0.11841265477806684,-0.1773893568039291,-0.10845684274230338,-0.11996000154065478,-0.5758465136911317,0.6614118794220933,-0.14041418486009527,0.3134578753525048,0.6308878689834838,0.8225435076798695,0.7112601049682923,0.026913967290680407,0.5680591462747995,0.8797556020923476
20,-0.2774220609675284,-0.6396007314545853,0.1574610210301448,-0.14664367070453221,-0.1486084019727174,0.13643105999859872,0.925542673263898,-0.2096601892433161,0.907995933989761,0.6208353540737976,0.8501905136492649,0.004814593803681655,0.44099011806548494,0.10611152080577768,0.20982780231674325,-0.3696788464425942,0.042990176322527995,0.43468956633985134,0.5326585830465036,0.9045789435536924,0.21549826278667528,0.2377694501898766,-0.73733901855939,0.47595371876287684,-0.7685156940359832,-0.14210690005942284,-0.4419597529553745,-0.08927452788070767,0.5544916579068004,0.8076129470658326,0.916384870583195,-0.4540643492596037,-0.12967282975701933,-0.3512513139365674,0.003233299623394359,-0.5451312855577495,0.39473514527072795,0.7393798091226911,0.5814129101643726,-0.07685475276971987,-0.6301122759306448,-0.7060589713183512,0.27465292167464384,-0.10733163691470526,0.4829695590926082,-0.15119364935874424,0.3835380929852523,0.2587617999965779
21,-0.13690152674950729,-0.6396007314545853,0.13416763431236722,-0.14664367070453221,-0.1486084019727174,0.13643105999859872,0.9135175763013215,-0.1639396537398452,0.9639792030475631,0.3718995276723345,0.7600182220302865,0.1073792731320855,0.4251288555534096,0.10611152080577768,0.4820156747958897,-0.5048186937256691,0.042990176322527995,0.44274166390247416,0.5326585830465036,0.9557956131835346,0.21549826278667528,0.4234243774875288,-0.7756148433937073,0.47595371876287684,-0.7397306660482086,-0.14210690005942284,-0.528157126726496,-0.28748410841778815,0.5452561075288627,0.8076129470658326,0.9256549364193902,-0.48422105126988413,-0.1657715669647366,-0.3512513139365674,-0.1945867854678882,-0.3282642664948143,0.39512310167319087,0.7470248572244835,0.5814129101643726,-0.17677220769136492,-0.5265478856661854,-0.8068963729243359,0.29829343678961506,-0.10400261415074508,0.4829695590926082,-0.10998798637366436,0.3835380929852523,0.22415629661829262
22,0.7408350756936066,-0.4213680443404344,-0.6980821588893638,-0.5655579972162292,0.6979386489937107,-0.8368615293525885,0.3359318802221176,-0.29038841810978266,-0.8959141264002226,0.6559191605524273,0.11153962991462252,0.9803492083422767,0.6381152711014468,-0.3337524187024141,-0.017498866471935104,-0.05501424628820151,-0.4230729148012877,0.5058465892671524,-0.3353547840638047,0.08266048646148438,0.6078844577906601,-0.16425457803597965,-0.8062912979547616,-0.6986649449221047,0.5381149696674334,-0.7355158319168011,0.023578647250110496,-0.9043121381000947,0.393730024717748,0.7218444312575982,0.7847766535426715,0.4739060379651283,-0.1890218608272196,-0.42476969447563295,-0.3856270917473972,-0.8462443790613023,0.4740986529222999,-0.2562299990089483,-0.8954965107571402,-0.6538342903009413,-0.10529211440178532,0.8297789148564205,-0.47556102708548154,-0.3166473574413009,0.30036480229492146,-0.11705710313078255,-0.21641026474918457,-0.5903572101665577
23,0.8002122791568438,-0.11679127840464498,0.3573593637871031,0.6667396921884083,0.6022292281869335,-0.25563597681706063,0.2705964459016099,-0.80138574607551,-0.5021646787467351,-0.21075972500853846,-0.32208862991752585,0.5735173398978008,0.07544312457357849,-0.6554618154578482,0.8474375103053773,0.43504529576396767,-0.6714316729182648,-0.7929967739261801,-0.2383054146563417,0.6712243105699758,-0.2577625332128639,-0.34488472395872694,0.04056758524308113,0.812968805851559,0.44027559037456454,0.7436261308524572,0.2628941533623701,0.4715837681118076,0.7386961597842367,-0.4496712998283332,0.7213425727102374,0.9631115204990743,0.48574556931626955,0.049458211661837836,-0.18062066360082452,0.8578518880205506,0.15635554144604935,-0.4284093549943002,0.8789676451002748,-0.29396496899020597,0.7975342188012671,-0.45536638718504663,-0.7007025023849476,0.1411668901130434,0.37117451796995393,-0.5500233559384435,0.13525408961817775,0.06786370061291791
24,-0.471511076120704,-0.282361597616966,0.6299116094862891,0.8164237535593422,-0.14872782342787483,-0.654752347245076,0.2201058161929852,0.8898789013141764,0.12128182435370283,-0.9032971798208791,-0.6901665561243158,0.8850659077591272,0.14416144626815752,0.09231457316497682,0.07287336327235461,-0.4873142454276065,0.8948652443630538,-0.8265587792776559,-0.3017697843206173,-0.5490696681033382,0.722035264266794,-0.3959585313852938,-0.1678803607500341,0.3243754032583519,-0.1205090962308406,-0.22583212254200435,0.8101859974187284,0.06794511585966823,-0.12152571244356025,-0.8719329115471779,-0.4042534797344757,0.0627903019320677,-0.8261247758458554,0.3918902175704475,0.29797481564333395,0.7646173659653539,-0.8925592595398093,0.2213654712652231,-0.6554889872280969,0.8670867146217689,-0.9818401468652536,-0.10957860530957109,0.6508075391728345,0.6439922025901255,0.026262349242941907,0.003089092945162575,-0.531405604735427,0.9923832443352218
25,0.41167117474115655,0.13015742507589834,-0.7217632559534553,0.8957309349354039,-0.2652081600497189,0.7706691606632579,-0.4071929411227062,0.14883318319054117,0.09819646595928355,0.19137867047347945,0.2625647411943597,0.5969091650499245,-0.19290063870565688,0.7610937794482506,0.3223327957687123,0.5594004377967319,-0.8745644815191365,0.12035726658360923,0.941778533521777,-0.23642027958617406,0.8291665518516074,-0.09401589207996852,0.9645813751451442,0.8107119516017383,0.08825858546698506,0.8346759704169009,-0.8993606901814377,0.22698665683548258,-0.9123470001183003,0.6519107835858247,0.3963349878248361,0.33706849324552657,-0.7980546805080269,-0.032521193511263924,0.5331948355455443,-0.8231664691963927,0.8503316810838573,0.536361048847094,0.0470949210772631,-0.5293001433059439,-0.03991649902135053,-0.5869430942762306,-0.6739971667454718,-0.07893910440192697,0.1438244351458875,0.9667236327575905,0.7040371556512426,0.8244395395020223
26,0.5759498119315365,0.820543403721077,-0.5737052514078915,-0.057420232007487915,-0.24494109667314667,-0.935873141681629,-0.29305271995075177,-0.8657085202525723,0.7618757120537307,-0.2374568963902255,-0.40863881185980877,0.48840206784730356,-0.7902760718862127,-0.4809007272632744,0.25181151725942974,-0.251427023153207,0.19624064134107533,0.9727389685644112,0.8189624372750117,0.5548554701246884,0.37808420029591194,0.6997978073122986,-0.13701940198681517,0.6284121696536336,0.5665636816497521,-0.5763552200312556,-0.5653123746468875,0.7093069393762346,0.427421414246864,-0.347980334779034,-0.21588891280322087,0.7849847693933971,0.9848090657757838,-0.42929392419678947,-0.3786726385216581,-0.6349124414914336,-0.6826645751856513,0.9992827536068194,-0.7355803396045886,0.4355947888377716,0.3474914276452823,0.7361388216525762,-0.8050477970022998,0.8320939880323497,0.9605475329425537,-0.9642423794351764,0.97432390699925,0.6438053164417523
27,-0.471511076120704,-0.282361597616966,0.6299116094862891,0.8164237535593422,-0.14872782342787483,-0.654752347245076,0.2201058161929852,0.8898789013141764,0.019068224693154834,-0.9223961119139363,-0.6901665561243158,0.8901085182684803,0.14416144626815752,0.09231457316497682,0.07287336327235461,-0.4873142454276065,0.8948652443630538,-0.8265587792776559,-0.4208808260275274,-0.5490696681033382,0.722035264266794,-0.3959585313852938,-0.18304292375126785,0.3243754032583519,-0.3714419301200409,-0.22583212254200435,0.8101859974187284,0.06794511585966823,-0.12152571244356025,-0.8039816237839363,-0.4042534797344757,0.023293803207453223,-0.8261247758458554,0.3918902175704475,0.29797481564333395,0.7646173659653539,-0.8925592595398093,0.2213654712652231,-0.6554889872280969,0.8670867146217689,-0.9818401468652536,-0.10957860530957109,0.6508075391728345,0.6439922025901255,0.026262349242941907,0.003089092945162575,-0.531405604735427,0.9923832443352218
28,-0.3777163764694733,-0.282361597616966,0.6299116094862891,0.7686530362952972,-0.14872782342787483,-0.654752347245076,0.2201058161929852,0.9465222268206699,0.06214868338311241,-0.8873518576134338,-0.6901665561243158,0.8850659077591272,0.24363934322729563,0.09231457316497682,0.07287336327235461,-0.47554291183659214,0.9828456325341133,-0.8265587792776559,-0.2834572818277099,-0.5490696681033382,0.722035264266794,-0.3959585313852938,-0.1678803607500341,0.3450791643438189,-0.1205090962308406,-0.22583212254200435,0.7682145801559688,0.06794511585966823,-0.058723584017790875,-0.5329772616309243,-0.4042534797344757,0.0627903019320677,-0.8261247758458554,0.409572121629282,0.3067535394775258,0.4648716272525584,-0.8701491564267698,0.22786620937088453,-0.6256989298674449,0.8666659130670249,-0.9866649807934538,-0.38446099950273194,0.6508075391728345,0.6439922025901255,0.026262349242941907,-0.1932705661458758,-0.2686125509154802,0.9923832443352218
29,0.2065445567386437,0.9511949569063725,0.048760170792157,0.6539730500869569,0.8790048775561408,0.5496645818382346,-0.31761127230127717,-0.9920487189543772,0.8963937560583448,0.36165574443479076,0.04098507400562146,0.28331075354221524,0.18031362744535473,0.6248486580207451,-0.8768600903463866,0.9557880442592899,0.8405297890492152,0.3449212290650019,0.9240248606778789,0.010462789929872596,-0.8550217023815669,0.26455718554017404,0.6298916800773444,-0.5893160502016423,0.4309199892352078,0.738776920497435,-0.8573678506424054,-0.35771661679748123,0.7559920348816396,-0.516281647275455,-0.11077080656826177,-0.6569377193342976,-0.49281109563842374,-0.07684078330456323,-0.5699007469369484,0.3038541599224107,-0.5939881614055991,-0.809354161978296,-0.8694948907568896,0.052532067184177356,0.5480159669898486,0.010538414278826735,-0.8454032131559344,-0.03502434325032189,0.9719167806379039,0.3534430406053539,-0.6713906090647845,0.8259026828936835
30,-0.24139573091510336,0.8000993244177779,-0.8637438517490361,-0.27984998923114035,0.913274332685498,-0.7770820120417419,-0.7704129253018992,0.4181456552426175,-0.22894460094270364,0.7373134205284022,0.38239437778525875,0.790807200920878,0.6849263019075733,-0.9136680767454743,-0.9110191041098383,-0.6548895054644208,0.11970802168798667,0.1624764517475208,-0.49072611986456227,-0.9717100281612623,-0.6848100550908944,0.5518271836971747,-0.9122512094146331,0.6261260990365205,0.5222836298772011,-0.6522655404090316,-0.40129556678781153,-0.2829052989432337,-0.3543295005650211,0.6372571199346493,0.5930945140842439,-0.44909162522551194,0.553351811123292,0.4012486657548826,-0.16129162495709015,0.12554629977806808,0.6664469948808396,-0.41677106229847305,-0.6235160040970122,-0.16491482072305264,-0.08889831907735468,0.7583177540161166,-0.1277201229239,0.5604606880597569,-0.5725557790726314,0.37614499738074203,0.2515502666118026,0.9870231951174484
31,-0.6460821718301635,-0.6961999222864699,-0.35651890997592406,0.43780251274246607,-0.6308725640648631,0.3613464960024533,-0.13820530587971436,0.6062047614875246,-0.8691093370973453,-0.6968743698440729,-0.4023708079907504,-0.3026764480263544,-0.6841082927132875,0.03844890795967659,0.8132358964348159,-0.7268472257332708,0.8829615733591833,0.4361102968858015,-0.24221707187042818,-0.259554163136021,-0.40718385046470984,-0.4948057830895738,0.6153016347086933,0.7389578614202119,0.4680136898608438,0.8472487211938475,-0.12837818967009396,-0.6881178833611106,0.7940963306461484,0.9692599582006849,-0.085029982979697,0.14156504523025237,-0.7077965862356048,0.678884511151961,0.41214895390672934,-0.6796225428882177,0.27421405544630884,0.6230705918658472,-0.7314325755514601,-0.29569264404036,0.9465821822629847,0.4138748348244521,-0.5785638123229959,-0.3835201174723173,-0.06660556718841759,0.6047370852972238,0.4458450481495204,0.10483411142408139
32,0.25719978009898403,0.4709009996135922,-0.36670875075074627,0.9044361517995756,0.2736738727965562,0.9449857824545687,-0.15422786055780469,0.9349458518495781,-0.2902233550085045,0.8692899548667776,-0.9284665557657723,0.702164809738522,0.5322057144522725,-0.23121877067742735,0.37273771906193254,0.8617293778907806,-0.4263179089897777,0.7375175893272246,-0.2478823028884234,-0.6009390168477942,0.2561884735244553,0.9727806435036648,0.33465191162506147,-0.31340717185370837,0.23807154932983177,-0.2437562800195685,-0.010327339695722637,0.9570463245599712,-0.795294156575052,0.14870283543130136,0.23820652520701535,-0.4562947409717617,-0.4307793595007259,-0.00768847081754398,-0.753380952844249,0.21264659700239497,0.05607829695598321,0.05082109984665162,-0.16339752943113894,0.9413248893213719,0.36551014488926037,0.08329933389790734,0.0969911457157373,0.9970592714945501,-0.16947813869411066,-0.479362306510271,-0.5637194454027286,-0.4984649430198851
33,-0.3777163764694733,-0.282361597616966,0.6007456172253123,0.7686530362952972,-0.14872782342787483,-0.654752347245076,0.2201058161929852,0.9465222268206699,0.06214868338311241,-0.8851863919724225,-0.7769633015666213,0.8850659077591272,0.24363934322729563,0.09231457316497682,0.07287336327235461,-0.3349939651875671,0.9828456325341133,-0.8265587792776559,-0.395171909380573,-0.5490696681033382,0.722035264266794,-0.3959585313852938,-0.1678803607500341,0.3450791643438189,-0.1205090962308406,-0.22583212254200435,0.7682145801559688,0.19469055070355368,-0.058723584017790875,-0.48015755244345537,-0.4042534797344757,0.0627903019320677,-0.8483421077359645,0.409572121629282,0.3067535394775258,0.4648716272525584,-0.8701491564267698,0.22786620937088453,-0.6256989298674449,0.7078269320536734,-0.9893597241767347,-0.38446099950273194,0.4926594888051956,0.6439922025901255,0.026262349242941907,-0.1932705661458758,-0.2686125509154802,0.9923832443352218
34,0.1003216497265047,0.6631699782480021,-0.5020513979836649,0.7070497526014781,-0.9829585969998107,0.36262755916501055,0.7750677140294706,0.39812917745582355,-0.014828220551639015,-0.650394371607584,-0.9030430150255226,0.44901530733163453,0.3556593508871555,-0.3961044609643596,0.5024580875461611,-0.09487298508360165,-0.007570095838268287,0.709745627670604,0.44126290784706224,-0.38319157710644847,-0.3318948706170548,-0.032699277627749046,-0.0919632852004566,-0.9708273621254127,0.8814345600775597,-0.14531335182729155,0.12428112614673625,0.06203109042642829,0.36471156364450885,0.6935863481355324,0.131595473726966,-0.9608134896437224,-0.027593252467342566,0.023111820515448356,0.3445866273277942,0.4377407123974837,0.02520147497868619,0.9083878221417028,-0.03567015429318565,-0.12379268839339463,0.21594462512074264,0.9383963032995573,0.4791352723649791,0.706095906523668,0.6526147824816897,-0.3647228268695175,-0.09544211839093508,0.672156215188739
35,-0.5696149917347659,0.34559167627487186,0.35436679209159627,0.4158854484644898,-0.6497678736273556,-0.3912991892967128,0.6344276140365823,0.598617126073004,0.2549166843265922,0.45137183591845087,0.6440001981679966,-0.8584715673816716,0.8846914733964464,0.5631255173130059,0.9611094466091459,-0.5301066416856022,-0.178264100795533,0.17631860551665346,-0.9602404753342981,0.7697346142552051,0.820849332865311,0.5800401851746888,0.7205159850684768,-0.9231646604107209,0.014496043074387455,0.5778601331561817,0.7643453004249396,0.935197914798922,0.5480252467326683,0.5556153092983285,0.8077036301514979,0.4457025335767022,-0.4254841048600422,0.3317332593289135,0.9096994679791035,0.5994745799458057,-0.3337094672152148,-0.43733938559711216,-0.5259341108865414,0.9540672076889101,-0.6858678593975169,-0.9537481546907736,-0.5663296846871513,-0.12685308931199324,-0.19515909501282303,-0.05336983039919829,-0.6770130458666801,-0.10958112151526
36,0.5670464228060996,0.7455305350136772,-0.6919041431759345,-0.057420232007487915,-0.41398526135064895,-0.935873141681629,-0.30624500078843986,-0.8657085202525723,0.9449335527189606,-0.2374568963902255,-0.40863881185980877,0.5059180355514397,-0.8126489013427936,-0.4809007272632744,0.14676838664117953,-0.1635311472338179,0.31425654878222753,0.9703739224983126,0.8058793672379594,0.5548554701246884,0.46890436555537285,0.6997978073122986,-0.07096213150946884,0.7850436723807841,0.5665636816497521,-0.5763552200312556,-0.5653123746468875,0.7093069393762346,0.6856261188563149,-0.347980334779034,-0.21588891280322087,0.7849847693933971,0.9935825776313845,-0.4369696182017089,-0.4417370623303325,-0.5686414354258602,-0.5173605566088146,0.9625317170355518,-0.9429864604243063,0.6745205037690862,0.3474914276452823,0.8543835512160769,-0.48529898823488016,0.975251874114347,0.9498134292291338,-0.9171615779166795,0.97432390699925,0.6438053164417523
37,0.1003216497265047,0.6631699782480021,-0.5020513979836649,0.7070497526014781,-0.9829585969998107,0.36262755916501055,0.7750677140294706,0.39812917745582355,-0.014828220551639015,-0.650394371607584,-0.9030430150255226,0.44901530733163453,0.8216579256306678,-0.36216601501801815,0.4949640990373385,-0.09487298508360165,-0.007570095838268287,0.6410509817759902,0.44126290784706224,-0.38319157710644847,-0.3318948706170548,-0.032699277627749046,-0.0919632852004566,-0.9708273621254127,0.8814345600775597,-0.14531335182729155,0.12428112614673625,0.06203109042642829,0.36471156364450885,0.6935863481355324,0.131595473726966,-0.9608134896437224,-0.027593252467342566,0.023111820515448356,0.408122169431816,0.4377407123974837,0.02520147497868619,0.9083878221417028,-0.03567015429318565,-0.12379268839339463,0.21594462512074264,0.9383963032995573,0.4791352723649791,0.706095906523668,0.6526147824816897,-0.3647228268695175,-0.0005705433200584586,0.672156215188739
38,-0.612720138964959,-0.6961999222864699,-0.35651890997592406,0.43780251274246607,-0.7412312659183025,0.32312840617662575,-0.2243656801909888,0.6062047614875246,-0.8691093370973453,-0.6968743698440729,-0.24851313234475292,-0.428507656560396,-0.6841082927132875,0.03844890795967659,0.8132358964348159,-0.65810898312083,0.8533236266237592,0.4361102968858015,-0.24221707187042818,-0.2569986885564537,-0.40718385046470984,-0.30524586707648393,0.7642397899256637,0.7375639392968902,0.423959888182033,0.7193351744789014,-0.08832881882314547,-0.6507602687120317,0.7940963306461484,0.9675398162352409,-0.06440697452774602,0.14156504523025237,-0.7077965862356048,0.678884511151961,0.5098574879632347,-0.5783180163267465,0.27421405544630884,0.6230705918658472,-0.6648110690156239,-0.29569264404036,0.9182352496757507,0.4138748348244521,-0.6206569044470984,-0.3835201174723173,-0.06660556718841759,0.5837833325381616,0.31457075547460667,0.055791255883070656
39,-0.13690152674950729,-0.6396007314545853,0.13416763431236722,-0.16510940927223627,-0.1486084019727174,0.13643105999859872,0.9135175763013215,-0.1639396537398452,0.9053055309552427,0.3718995276723345,0.7600182220302865,0.1073792731320855,0.47774873056118317,0.05472937330669514,0.4820156747958897,-0.5048186937256691,0.042990176322527995,0.44274166390247416,0.5326585830465036,0.9557956131835346,0.21549826278667528,0.4234243774875288,-0.7756148433937073,0.47595371876287684,-0.7758252206325338,-0.14210690005942284,-0.528157126726496,-0.28748410841778815,0.5452561075288627,0.8076129470658326,0.9256549364193902,-0.48422105126988413,-0.2250662581449807,-0.3512513139365674,-0.1945867854678882,-0.30546176517886736,0.39512310167319087,0.7470248572244835,0.5814129101643726,-0.17677220769136492,-0.5265478856661854,-0.8068963729243359,0.29829343678961506,-0.10400261415074508,0.4829695590926082,-0.10998798637366436,0.3835380929852523,0.22415629661829262
40,-0.9723275938021883,0.43340272562243687,0.5998233709872303,-0.8987877664034425,0.8547923034340386,0.5092493758878265,-0.4566830546287386,0.44912169148355074,0.44540976411080124,0.3115015564514083,-0.24071954716830302,-0.6086527342788257,0.5806687125612673,0.9134907240817713,-0.9060525968181836,0.46089985653813903,0.816194774868964,0.9108559016677609,-0.5355911426858091,-0.1846945004361753,0.4150297708913273,-0.5761698955143721,0.7966076538747122,-0.5845353005437415,-0.16293755111627828,-0.6439518929397283,0.984008627891948,0.13071466497382134,-0.4660376546412901,-0.0214747731597138,-0.4340998988125486,0.6281540330259499,-0.4026739049740691,-0.12988869202815123,-0.9003872208589141,-0.4510070995000166,-0.7649088308883496,-0.8933569387402418,-0.6121430714407372,0.00922062860337225,-0.4366000405103794,0.4891653117635808,-0.9780875680622025,0.4356497611744179,0.828684359576163,0.9498890828790711,-0.1397047275407446,-0.08985602982237362
41,0.41167117474115655,0.268358097663703,-0.7217632559534553,0.9901642719857611,0.04048316324012036,0.7876116948042118,-0.5226918912221505,0.179886470027657,-0.1583449019701093,0.06753654844532075,0.32934625121953154,0.5989377211758502,-0.28215300352633754,0.7741480503867477,0.6371785338462774,0.5834974769220191,-0.8435497074505263,0.09755104201694231,0.82602626667218,-0.5287724211583598,0.8291665518516074,-0.09401589207996852,0.8099548543484132,0.8107119516017383,-0.04642285590004347,0.9371487140014336,-0.8190994217968279,0.13534276932849654,-0.8835261571833353,0.7370814183112604,0.3247724347800016,0.5359895888907795,-0.7980546805080269,-0.02136797714977101,0.5331948355455443,-0.7891916373439085,0.8503316810838573,0.6338413866246124,0.13309194578748684,-0.133963636398176,0.0967438907653555,-0.5542154114693199,-0.6160564208518235,0.17126716009762388,-0.1041124056900169,0.9667236327575905,0.7243863715379733,0.7781586738511885
42,0.4169552096689213,0.13015742507589834,-0.48075259678379134,0.8957309349354039,-0.2652081600497189,0.7706691606632579,-0.4071929411227062,0.14883318319054117,-0.02468131910667748,0.10564756221710736,0.2625647411943597,0.5969091650499245,-0.19290063870565688,0.7610937794482506,0.5872231202879707,0.5594004377967319,-0.8435497074505263,0.12035726658360923,0.941778533521777,-0.23642027958617406,0.8291665518516074,-0.09401589207996852,0.9645813751451442,0.8107119516017383,0.08825858546698506,0.9371487140014336,-0.8993606901814377,0.517609413934216,-0.9123470001183003,0.665126210905066,0.3963349878248361,0.17955100201912932,-0.7980546805080269,-0.032521193511263924,0.5331948355455443,-0.7749544766362828,0.8503316810838573,0.5083198571857663,0.0470949210772631,-0.413799768877821,0.0967438907653555,-0.5869430942762306,-0.6739971667454718,-0.3507496931201597,-0.28089546805370924,0.9667236327575905,0.5775172950949203,0.8244395395020223
43,-0.09449321615994766,-0.6396007314545853,0.13416763431236722,-0.16510940927223627,-0.1486084019727174,0.13643105999859872,0.9135175763013215,-0.2968028763240673,0.9053055309552427,0.3718995276723345,0.7600182220302865,0.01667490464206023,0.47774873056118317,0.05472937330669514,0.4820156747958897,-0.5048186937256691,0.09831850097820305,0.44274166390247416,0.5326585830465036,0.9557956131835346,0.21549826278667528,0.4234243774875288,-0.7756148433937073,0.47595371876287684,-0.7758252206325338,-0.14210690005942284,-0.528157126726496,-0.28748410841778815,0.5452561075288627,0.8076129470658326,0.9738372785491074,-0.48422105126988413,-0.2250662581449807,-0.3512513139365674,-0.1945867854678882,-0.24423256737387344,0.39512310167319087,0.7470248572244835,0.5502276324137427,-0.17677220769136492,-0.5265478856661854,-0.8068963729243359,0.15613118096486178,-0.22885479028639066,0.4829695590926082,-0.10998798637366436,0.3835380929852523,0.22415629661829262
44,-0.3777163764694733,-0.24134067927898917,0.6299116094862891,0.7493009703886977,-0.1050773242234937,-0.654752347245076,0.4228278661566307,0.9232466917917757,0.06214868338311241,-0.8873518576134338,-0.48417022296402323,0.8850659077591272,0.1613287376412611,0.09231457316497682,0.17923896197272082,-0.6857943672023366,0.9592281564403247,-0.8265587792776559,-0.3017697843206173,-0.5151918968030178,0.722035264266794,-0.8109950781488073,-0.1678803607500341,0.3575806565879167,-0.1205090962308406,-0.22583212254200435,0.7682145801559688,-0.022561453641530615,-0.15770199919998462,-0.5329772616309243,-0.4042534797344757,0.0627903019320677,-0.8261247758458554,0.3964804036592049,0.1369464403233438,0.35184792457926717,-0.6393914888421508,0.23215724886370226,-0.98752879260637,0.8666659130670249,-0.9983600921378533,-0.21737840368268935,0.6531759566586621,0.6883976991704048,0.10171576652900294,-0.2218279513762551,-0.2736786942950904,0.9941366791370534
45,-0.40315224302086516,-0.5073748942168839,-0.9419399431130759,-0.1765413597777432,0.3814585540504849,-0.43545648826469163,0.5987347080225986,0.8617302423634228,-0.543999000677065,0.24700020711270398,0.3257175193607049,0.17592206369415453,-0.4559686169170296,0.14096873368110252,-0.2495797256294403,0.7761834244052199,0.11050613543717125,-0.5044784524404984,-0.9476715730683101,-0.5506222929901865,0.924250208012513,-0.12333998977983818,0.1307097519069178,0.9604148684939124,0.7622219114149713,0.08849273705515937,0.8256559523640641,-0.57314683785741,0.9899390985604046,-0.053384996667490636,-0.6334185984608718,0.3836675292109819,-0.4455544182340996,-0.5976028117241015,0.9019206282083854,-0.9290872489582194,0.546520373053492,0.32855103155984455,-0.06175346046204577,-0.24038926868455124,-0.7897265140324403,0.5588737979092766,0.7088338165774504,0.5667549976008994,0.5274784282283307,0.975089704019857,0.3998895568348908,0.6665910149359431
46,-0.6130223642311936,0.28249959634336097,0.8899284828708136,-0.6002434472997047,0.6030312245413061,-0.35308848457725794,-0.6475646286281602,0.3560138705072473,0.7778604999153016,0.15028750125477242,0.7757443765290952,-0.4556884013825304,0.6126681678645189,0.589603174382823,0.983185748372231,-0.9650120801804014,-0.2857007319122533,0.8105790152705266,-0.13905975616956678,-0.6575219685205129,0.4965263178064041,-0.405887660192233,0.10927210813127997,0.9635116535648427,0.6596361297439985,-0.4939424710053564,-0.6391136271165907,-0.6431493831684636,-0.6689735169639874,0.19175826441833532,-0.7080549846246296,0.22451450267512407,-0.0923331890781125,0.9159400059864933,-0.42676714541117455,0.9898649289821877,-0.4211496202212708,0.8346359972422515,0.11219487922407101,-0.30994152490962956,-0.7473902528043721,0.08582426442547142,0.25245288958097256,0.9856124201558685,0.5614599064509906,0.3429219361682647,-0.04741728479417717,-0.3014342744595284
47,-0.3777163764694733,-0.24134067927898917,0.6299116094862891,0.7493009703886977,-0.1050773242234937,-0.654752347245076,0.4228278661566307,0.9607627704684092,0.06214868338311241,-0.8873518576134338,-0.6901665561243158,0.8850659077591272,0.14416144626815752,0.09231457316497682,0.07287336327235461,-0.47554291183659214,0.9992699126354245,-0.8265587792776559,-0.3017697843206173,-0.5490696681033382,0.722035264266794,-0.8109950781488073,-0.1678803607500341,0.3575806565879167,-0.1205090962308406,-0.22583212254200435,0.7281042641126312,0.06794511585966823,-0.1627259477959122,-0.5329772616309243,-0.4042534797344757,0.0627903019320677,-0.8892951381007934,0.3964804036592049,0.3067535394775258,0.35184792457926717,-0.8701491564267698,0.22786620937088453,-0.9537781464972632,0.8183772513053142,-0.9964398671665364,-0.24984359354937014,0.6531759566586621,0.7717777611112555,0.10171576652900294,-0.2218279513762551,-0.2736786942950904,0.9939173537787491
48,0.5670464228060996,0.8050033931678182,-0.5737052514078915,-0.057420232007487915,-0.41398526135064895,-0.935873141681629,-0.29305271995075177,-0.9640895424988136,0.9497794647717521,-0.2374568963902255,-0.399240045106525,0.48840206784730356,-0.8707799305802946,-0.4809007272632744,0.2955262383816102,-0.4635568118995117,0.31425654878222753,0.9703739224983126,0.7522180233973967,0.5548554701246884,0.45604220749448876,0.6997978073122986,-0.07096213150946884,0.7850436723807841,0.5665636816497521,-0.5763552200312556,-0.5653123746468875,0.7093069393762346,0.6856261188563149,-0.347980334779034,-0.03669096078983647,0.7936431984465526,0.9867028054914486,-0.43929434569089487,-0.3786726385216581,-0.6349124414914336,-0.8042013347654777,0.8699281126712988,-0.9429864604243063,0.4906187739641723,0.3474914276452823,0.8543835512160769,-0.842015211360245,0.8320939880323497,0.9498134292291338,-0.9171615779166795,0.97432390699925,0.6438053164417523
49,-0.471511076120704,-0.41012532695628634,0.6299116094862891,0.8164237535593422,-0.14872782342787483,-0.654752347245076,0.2201058161929852,0.8986959643546912,0.019068224693154834,-0.9223961119139363,-0.6901665561243158,0.8901085182684803,0.18854265203154585,0.09231457316497682,0.07287336327235461,-0.4873142454276065,0.8948652443630538,-0.8265587792776559,-0.4208808260275274,-0.5490696681033382,0.722035264266794,-0.3959585313852938,-0.18304292375126785,0.3243754032583519,-0.3714419301200409,-0.234999850289199,0.8101859974187284,0.0618920936329963,-0.12405894323195299,-0.8039816237839363,-0.4042534797344757,0.023293803207453223,-0.8261247758458554,0.3918902175704475,0.29797481564333395,0.7646173659653539,-0.8854507970039751,0.2213654712652231,-0.6554889872280969,0.8670867146217689,-0.9878538979069993,-0.10957860530957109,0.6508075391728345,0.6439922025901255,0.026262349242941907,0.003089092945162575,-0.531405604735427,0.9923832443352218
50,-0.09449321615994766,-0.6396007314545853,0.13416763431236722,-0.16510940927223627,-0.1486084019727174,0.13643105999859872,0.9135175763013215,-0.2641167201677823,0.9053055309552427,0.3718995276723345,0.7600182220302865,0.051478850620007455,0.47774873056118317,0.05472937330669514,0.4820156747958897,-0.5048186937256691,0.09831850097820305,0.44274166390247416,0.5326585830465036,0.9557956131835346,0.21549826278667528,0.4234243774875288,-0.7756148433937073,0.47595371876287684,-0.7758252206325338,-0.14210690005942284,-0.528157126726496,-0.28748410841778815,0.5452561075288627,0.8076129470658326,0.9738372785491074,-0.48422105126988413,-0.2250662581449807,-0.41407279853051104,-0.1945867854678882,-0.24423256737387344,0.4658376027514437,0.7470248572244835,0.5502276324137427,-0.17677220769136492,-0.5303958640571556,-0.8068963729243359,0.15613118096486178,-0.22885479028639066,0.4829695590926082,-0.10998798637366436,0.3835380929852523,0.22415629661829262
51,-0.5696149917347659,0.4020517144342288,0.35436679209159627,0.63589383613076,-0.6497678736273556,-0.17381205450257453,0.6876065012913946,0.6004385711316211,0.2549166843265922,0.374329025569051,0.6202963037907641,-0.9797924570793906,0.8868800570275206,0.5631255173130059,0.9780225645558793,-0.5301066416856022,0.022891352749621063,0.17631860551665346,-0.9232665669561708,0.7697346142552051,0.8375617800481829,0.5800401851746888,0.7205159850684768,-0.7633749932693783,0.019015261635680236,0.5778601331561817,0.7643453004249396,0.9173029763908438,0.5480252467326683,0.5556153092983285,0.8077036301514979,0.4457025335767022,-0.7883637693242844,0.4185199269322637,0.975096016885413,0.5994745799458057,-0.3337094672152148,-0.43733938559711216,-0.5259341108865414,0.9341606328805985,-0.6858678593975169,-0.9687309173373015,-0.49096610298277343,-0.14348029653413374,-0.19515909501282303,-0.05336983039919829,-0.720042501530676,-0.09156221049617619
52,0.41167117474115655,0.49886671922287396,-0.7217632559534553,0.9510596882698417,-0.2652081600497189,0.7706691606632579,-0.21006894597675774,0.34492312834922956,-0.02468131910667748,-0.02808778334315365,0.4052700581675601,0.8260586972207575,-0.46986847573998713,0.7610937794482506,0.5887290761945265,0.5594004377967319,-0.8435497074505263,0.11787760708663142,0.941778533521777,-0.30884099118967634,0.8291665518516074,-0.09401589207996852,0.9645813751451442,0.8389601787602334,0.08825858546698506,0.9052694178766207,-0.8993606901814377,0.22698665683548258,-0.9123470001183003,0.6055898115398388,0.11856024657974973,0.34706785946603236,-0.7980546805080269,-0.032521193511263924,0.5331948355455443,-0.6460330777966805,0.8503316810838573,0.41197897639192127,0.270290595639749,-0.29255718663906416,0.15570458309261115,-0.5869430942762306,-0.7000219803212651,-0.07893910440192697,-0.37149130261066343,0.9804473616051668,0.7040371556512426,0.8472941228101887
53,0.41167117474115655,0.268358097663703,-0.7217632559534553,0.9615873579849494,0.032556840517389496,0.7876116948042118,-0.5226918912221505,0.15530107775821134,-0.02468131910667748,0.06753654844532075,0.3455370011754453,0.5989377211758502,-0.19290063870565688,0.7741480503867477,0.6371785338462774,0.5834974769220191,-0.8066812170176203,0.09755104201694231,0.7879495365138989,-0.22768091581487893,0.8291665518516074,-0.09401589207996852,0.8099548543484132,0.8069935893887885,-0.08322159226533388,0.9586161169369845,-0.9953094998862249,0.13534276932849654,-0.7699276186692541,0.7370814183112604,0.3568386108231756,0.5359895888907795,-0.7980546805080269,-0.02136797714977101,0.5331948355455443,-0.7891916373439085,0.8503316810838573,0.6338413866246124,0.13309194578748684,-0.2930688902184171,0.0967438907653555,-0.5542154114693199,-0.6724917074424672,0.17126716009762388,-0.1041124056900169,0.9667236327575905,0.7243863715379733,0.7217921205136704
54,-0.2231919056363154,-0.18984121322375636,0.6299116094862891,0.900267249323121,-0.1050773242234937,-0.654752347245076,0.4228278661566307,0.9465222268206699,-0.011541459449619929,-0.8873518576134338,-0.6555899574510364,0.9069456749862381,0.14416144626815752,0.2901777357709958,0.07287336327235461,-0.47554291183659214,0.8170269789843807,-0.8265587792776559,-0.2606859718702914,-0.5490696681033382,0.7290718678193224,-0.8109950781488073,-0.4396541879934286,0.3575806565879167,-0.1205090962308406,-0.22583212254200435,0.7682145801559688,0.06794511585966823,-0.15770199919998462,-0.5329772616309243,-0.4961285752508242,-0.019793608723343015,-0.7803747337716445,0.3964804036592049,0.3067535394775258,0.35184792457926717,-0.8701491564267698,0.22786620937088453,-0.914640313674415,0.9397914884068501,-0.9964398671665364,-0.21737840368268935,0.6531759566586621,0.6439922025901255,0.10171576652900294,-0.2218279513762551,-0.2736786942950904,0.9939173537787491
55,-0.09449321615994766,-0.5942333906660644,0.13416763431236722,-0.18114087707298432,-0.1617707309992933,0.13643105999859872,0.9135175763013215,-0.2641167201677823,0.9053055309552427,0.3718995276723345,0.7600182220302865,0.051478850620007455,0.6011235357397275,0.044867984700214913,0.4820156747958897,-0.5048186937256691,0.09831850097820305,0.44274166390247416,0.5326585830465036,0.9557956131835346,0.21549826278667528,0.4234243774875288,-0.7756148433937073,0.6815569293222581,-0.7758252206325338,-0.15341996110900746,-0.5324756974270548,-0.28748410841778815,0.6085645237913178,0.8076129470658326,0.9470684472717492,-0.6251139280234372,-0.2250662581449807,-0.41407279853051104,-0.1358664288269793,-0.24423256737387344,0.4658376027514437,0.7470248572244835,0.5502276324137427,-0.17677220769136492,-0.5303958640571556,-0.8068963729243359,0.15613118096486178,-0.22885479028639066,0.518211064443814,-0.10998798637366436,0.3835380929852523,0.22415629661829262
56,0.41167117474115655,0.49886671922287396,-0.7217632559534553,0.8957309349354039,-0.3392843514792254,0.7706691606632579,-0.20240020812308912,0.28673577926419513,-0.02468131910667748,0.10564756221710736,0.4052700581675601,0.6744946990426954,-0.522593595068751,0.7610937794482506,0.5887290761945265,0.5594004377967319,-0.8435497074505263,0.11787760708663142,0.941778533521777,-0.16404952411154472,0.8291665518516074,-0.09401589207996852,0.9645813751451442,0.8389601787602334,0.08825858546698506,0.9052694178766207,-0.9164534899726453,0.15185983497169953,-0.9123470001183003,0.471675938006324,0.3963349878248361,0.34706785946603236,-0.7980546805080269,-0.032521193511263924,0.5114825908506855,-0.7665338677376383,0.9105496336443974,0.41197897639192127,0.1369495463507968,-0.3266610763191746,0.15570458309261115,-0.5869430942762306,-0.7000219803212651,-0.07893910440192697,-0.22665955435125262,0.9667236327575905,0.7040371556512426,0.8472941228101887
57,-0.09449321615994766,-0.6396007314545853,0.21192147350723944,-0.16510940927223627,-0.09612627629947568,0.13643105999859872,0.9135175763013215,-0.2641167201677823,0.9053055309552427,0.3718995276723345,0.806190376037937,0.051478850620007455,0.47774873056118317,0.06828224923984694,0.5001041398613764,-0.5048186937256691,0.09831850097820305,0.44274166390247416,0.5326585830465036,0.9557956131835346,0.21549826278667528,0.41841485652821797,-0.6719087213897394,0.22254423268023604,-0.7758252206325338,-0.14210690005942284,-0.25823137906407645,-0.4114102424631694,0.5452561075288627,0.8076129470658326,0.9738372785491074,-0.8774341467575497,-0.2250662581449807,-0.41407279853051104,-0.1790283589651993,-0.24423256737387344,0.4658376027514437,0.7470248572244835,0.5135549989721802,-0.17677220769136492,-0.5303958640571556,-0.8068963729243359,0.15613118096486178,-0.22885479028639066,0.4829695590926082,-0.20019072198493104,0.3835380929852523,0.22415629661829262
58,-0.5152260735231406,-0.282361597616966,0.6299116094862891,0.8164237535593422,-0.14872782342787483,-0.654752347245076,0.2201058161929852,0.8059897400057148,0.12128182435370283,-0.8873518576134338,-0.6901665561243158,0.8850659077591272,0.14416144626815752,0.11562639981561307,0.07287336327235461,-0.6106238919585234,0.9828456325341133,-0.8265587792776559,-0.47603577340588465,-0.5490696681033382,0.722035264266794,-0.3959585313852938,-0.1678803607500341,0.3243754032583519,-0.24424492525150354,-0.22583212254200435,0.8101859974187284,0.06794511585966823,-0.15770199919998462,-0.5329772616309243,-0.256248607042483,0.0627903019320677,-0.8261247758458554,0.41756531062000524,0.3067535394775258,0.4648716272525584,-0.8701491564267698,0.2402308964712676,-0.6554889872280969,0.8666659130670249,-0.9818401468652536,-0.13158108520782252,0.5425740648714636,0.6482113538514305,0.026262349242941907,-0.24555225630805433,-0.3659091438891773,0.9923832443352218
59,-0.13690152674950729,-0.6396007314545853,0.13416763431236722,-0.16510940927223627,-0.20453967204128087,0.13643105999859872,0.9135175763013215,-0.1639396537398452,0.9053055309552427,0.3718995276723345,0.7600182220302865,0.1073792731320855,0.47774873056118317,0.05472937330669514,0.4820156747958897,-0.5587278747035831,0.042990176322527995,0.44274166390247416,0.5326585830465036,0.9856146650042823,0.21549826278667528,0.4234243774875288,-0.7756148433937073,0.47595371876287684,-0.7758252206325338,-0.14210690005942284,-0.49967421573919424,-0.3090120607581661,0.6325611056979732,0.8076129470658326,0.9256549364193902,-0.48422105126988413,-0.26533441873669883,-0.3512513139365674,-0.1945867854678882,-0.30546176517886736,0.3949256463307069,0.7470248572244835,0.5814129101643726,-0.17717379921796295,-0.5265478856661854,-0.815876781698124,0.29829343678961506,-0.10400261415074508,0.4829695590926082,-0.10998798637366436,0.3835380929852523,0.22415629661829262
60,-0.9713941787980847,0.28049548461897866,0.5440547604877346,-0.7667757444090564,0.7263784543949934,0.8249636290699713,-0.5104375902024432,0.7540763196891322,0.4636366791657758,0.36722739355675005,-0.24071954716830302,-0.6086527342788257,0.5806687125612673,0.9134907240817713,-0.8699042886839796,0.5976436614658587,0.816194774868964,0.9108559016677609,-0.32675125430472973,-0.24174209517121636,0.3329414037693903,-0.5023703537035273,0.7966076538747122,-0.5754730796858594,-0.16293755111627828,-0.6439518929397283,0.9728980706342494,0.14272761434719294,-0.4660376546412901,-0.0214747731597138,-0.4340998988125486,0.6281540330259499,-0.4026739049740691,-0.12988869202815123,-0.9116693873947763,-0.48238976405665235,-0.7649088308883496,-0.8933569387402418,-0.45274120170628707,0.00922062860337225,-0.4366000405103794,0.4891653117635808,-0.9780875680622025,0.48229180900811053,0.828684359576163,0.9498890828790711,-0.1397047275407446,-0.09669039792147949
61,-0.2385229015067254,-0.24134067927898917,0.7184889390816136,0.7493009703886977,-0.1050773242234937,-0.654752347245076,0.4228278661566307,0.9607627704684092,0.02152109430251814,-0.8873518576134338,-0.5517197527795799,0.8850659077591272,0.14416144626815752,0.09231457316497682,0.07287336327235461,-0.47554291183659214,0.9992699126354245,-0.8265587792776559,-0.3017697843206173,-0.6956076358442094,0.722035264266794,-0.8109950781488073,-0.1678803607500341,0.3575806565879167,-0.1205090962308406,-0.22583212254200435,0.7281042641126312,0.06794511585966823,-0.1627259477959122,-0.5329772616309243,-0.4042534797344757,0.08272560677967267,-0.8892951381007934,0.37585647042113446,0.3859985342530827,0.35184792457926717,-0.8701491564267698,0.16128662167632446,-0.9514534750713648,0.8183772513053142,-0.9964398671665364,-0.2770342739479499,0.6531759566586621,0.7717777611112555,0.27042684363694836,-0.2218279513762551,-0.1369692632681414,0.9939173537787491
62,0.41167117474115655,0.268358097663703,-0.7217632559534553,0.8419454754712605,-0.0711889203437972,0.7876116948042118,-0.5226918912221505,0.179886470027657,-0.02468131910667748,0.06753654844532075,0.3455370011754453,0.5989377211758502,-0.19290063870565688,0.7741480503867477,0.6371785338462774,0.5834974769220191,-0.8435497074505263,0.09755104201694231,0.9592022270436871,-0.22768091581487893,0.8291665518516074,-0.09401589207996852,0.8099548543484132,0.8107119516017383,-0.04642285590004347,0.9371487140014336,-0.9953094998862249,0.13534276932849654,-0.8835261571833353,0.7370814183112604,0.3568386108231756,0.5359895888907795,-0.7980546805080269,-0.02136797714977101,0.6060545280949559,-0.7467763212979295,0.8503316810838573,0.6338413866246124,0.1429661287733348,-0.31776737109856623,0.04160876390549584,-0.39869027237603993,-0.6724917074424672,0.17126716009762388,-0.007818727650927393,0.9667236327575905,0.7243863715379733,0.7940942815929932
63,-0.15703830007721864,-0.18984121322375636,0.6299116094862891,0.900267249323121,-0.1050773242234937,-0.654752347245076,0.6527530894761415,0.9465222268206699,-0.011541459449619929,-0.8873518576134338,-0.6555899574510364,0.9069456749862381,0.14416144626815752,0.2901777357709958,0.07287336327235461,-0.3775054197003491,0.8170269789843807,-0.8265587792776559,-0.2606859718702914,-0.5490696681033382,0.7290718678193224,-0.8109950781488073,-0.4396541879934286,0.23733029351813828,-0.01929833195851427,-0.22583212254200435,0.7682145801559688,0.06794511585966823,-0.15770199919998462,-0.5329772616309243,-0.4961285752508242,-0.019793608723343015,-0.7803747337716445,0.3964804036592049,0.3067535394775258,0.35184792457926717,-0.8701491564267698,0.22786620937088453,-0.914640313674415,0.9397914884068501,-0.9964398671665364,-0.21737840368268935,0.6531759566586621,0.6439922025901255,0.10171576652900294,-0.2218279513762551,-0.2736786942950904,0.9939173537787491
64,-0.3777163764694733,-0.24134067927898917,0.6299116094862891,0.7493009703886977,-0.1050773242234937,-0.654752347245076,0.399209658810475,0.9607627704684092,0.06214868338311241,-0.9159422401542008,-0.3389607903578924,0.8850659077591272,0.14416144626815752,0.09231457316497682,0.07287336327235461,-0.47554291183659214,0.9992813160794964,-0.8265587792776559,-0.3017697843206173,-0.5490696681033382,0.722035264266794,-0.8109950781488073,-0.1678803607500341,0.3575806565879167,-0.1205090962308406,-0.22583212254200435,0.7281042641126312,0.21908351340978127,-0.1627259477959122,-0.5329772616309243,-0.4042534797344757,0.0627903019320677,-0.8892951381007934,0.3964804036592049,0.3067535394775258,0.35184792457926717,-0.8701491564267698,0.22786620937088453,-0.9537781464972632,0.8183772513053142,-0.9964398671665364,-0.24984359354937014,0.6531759566586621,0.7717777611112555,0.09056432618961985,-0.2218279513762551,-0.2736786942950904,0.9939173537787491
65,0.41167117474115655,0.21822182147290747,-0.7614566506500065,0.9042018204978475,-0.2652081600497189,0.7706691606632579,-0.4071929411227062,0.19295842143827735,0.09819646595928355,0.19137867047347945,0.2625647411943597,0.5969091650499245,-0.19290063870565688,0.7610937794482506,0.3223327957687123,0.5594004377967319,-0.9114463668740906,0.12035726658360923,0.941778533521777,-0.23642027958617406,0.8291665518516074,-0.09401589207996852,0.9645813751451442,0.8107119516017383,0.08825858546698506,0.8346759704169009,-0.8993606901814377,0.22698665683548258,-0.9123470001183003,0.6519107835858247,0.3963349878248361,0.33706849324552657,-0.7980546805080269,-0.032521193511263924,0.5331948355455443,-0.8366714183535926,0.8503316810838573,0.536361048847094,0.0470949210772631,-0.5293001433059439,-0.03991649902135053,-0.5869430942762306,-0.6739971667454718,-0.07893910440192697,0.06899919397989751,0.9667236327575905,0.7040371556512426,0.8244395395020223
66,-0.1378265922543107,-0.3808321459480095,-0.9973399633168665,-0.8770232929648096,-0.2350804427431734,0.9069214203703524,-0.7872101009958659,0.8596346099720984,0.29665890067373213,0.48741493669310865,0.7370380703696302,0.5812421396126215,0.2975067732106975,0.8420083717973363,0.819030680283594,0.20006214698663394,-0.7165657948587232,-0.2733113682797974,0.6733566357340113,0.9738541719393765,0.7145883795166259,-0.3927400362252742,-0.13637637684446613,0.07518438921552306,0.2211969540389136,-0.09560543125309251,0.4805421852951832,-0.09000085078911879,-0.7078050871812349,0.43929816564229074,0.736115808116014,0.8311584219785919,-0.09298946994135515,0.5311801577661888,-0.08348846476549743,0.5497332557456611,-0.22855879417904523,-0.3860132942436545,-0.6964677429961441,-0.8563373881390834,0.8860759632433033,0.5402630715749464,0.728965981005941,0.02464836621565758,0.8456295217119414,-0.9598358925494705,0.0835004623796094,0.654335823334441
67,-0.636493752329987,-0.6961999222864699,-0.35651890997592406,0.43780251274246607,-0.6308725640648631,0.3613464960024533,-0.13820530587971436,0.38383312061074637,-0.8857549042715285,-0.7645310610702063,-0.4183201030798729,-0.25463465625432224,-0.6841082927132875,-0.021739415900870362,0.8132358964348159,-0.7268472257332708,0.8829615733591833,0.4361102968858015,-0.24221707187042818,-0.17177191540739956,-0.48818151964549905,-0.4948057830895738,0.6153016347086933,0.7389578614202119,0.5290814836900246,0.8472487211938475,-0.05724819828270822,-0.6881178833611106,0.609418810454627,0.9692599582006849,-0.085029982979697,0.09886428072234743,-0.7077965862356048,0.678884511151961,0.41214895390672934,-0.6796225428882177,0.271809170353416,0.6230705918658472,-0.42140517481296413,-0.29495304430987823,0.9465821822629847,0.39723971374856015,-0.5785638123229959,-0.3870632323809644,-0.06660556718841759,0.6047370852972238,0.4458450481495204,0.10483411142408139
68,-0.3877389237997937,0.18280311454172238,-0.9173597566093525,-0.4525309640751287,0.18584306223871394,-0.7865384387575842,-0.7153649083270168,0.5120557015784251,-0.9165360088699555,0.08208485832316903,-0.6997469321879211,-0.4608232144759252,-0.8826801628687286,0.6681114892774924,0.9025476934079122,-0.1736960242860055,-0.500766273031559,-0.4713664840813594,-0.5552742832949653,0.9520350732752481,0.9404221325274751,0.4846970831199531,0.3786983441557821,-0.877439888470241,-0.40725923037294987,-0.21791367821633445,0.011805625966929023,0.9806848856016275,-0.9287698441431058,0.6785696585717242,-0.39260704623719844,-0.5030131530394908,0.6774131120266935,0.23527183447468647,0.48880702574290535,-0.26407546182770814,-0.5669438438064058,0.35426209538100584,0.7167090321181893,0.5567574336162662,-0.2283892347376535,-0.8955391978634388,0.9302785760959651,-0.9668888067194743,-0.21799178628151283,-0.06365742127063534,0.47356722887834035,0.24696357491667587
69,-0.13690152674950729,-0.6396007314545853,0.13416763431236722,-0.16510940927223627,-0.548414712466984,0.09904923869085525,0.958432027998692,-0.1639396537398452,0.9053055309552427,0.3718995276723345,0.7600182220302865,0.1073792731320855,0.47774873056118317,0.24619008017719368,0.4945263329548626,-0.5587278747035831,0.0894953495517623,0.44274166390247416,0.5326585830465036,0.9856146650042823,0.21549826278667528,0.4234243774875288,-0.7756148433937073,0.47595371876287684,-0.7758252206325338,-0.16484686421858208,-0.6247861558249135,-0.3090120607581661,0.6325611056979732,0.8076129470658326,0.9256549364193902,-0.48422105126988413,-0.26533441873669883,-0.3512513139365674,-0.1945867854678882,-0.30546176517886736,0.3949256463307069,0.7470248572244835,0.5814129101643726,-0.17717379921796295,-0.5265478856661854,-0.815876781698124,0.29829343678961506,-0.10400261415074508,0.4829695590926082,-0.10998798637366436,0.38051772160969244,0.22415629661829262
70,-0.28205975432977914,0.4094719300482881,0.1307028291636836,0.8111918070753641,0.8879484768768002,0.918209483432116,0.46160589186683065,0.9087714340453863,-0.48363987866805425,-0.876002112892631,0.7424264510326648,0.5934460321228232,-0.3324903629641176,-0.43945368304826626,-0.8017907104410176,0.4244077301317053,-0.36224722610221605,-0.6958405606046991,-0.8503187942422135,0.3415199213713871,0.8743119534352519,-0.5180321006203201,0.9143994680954681,0.24742819588863885,0.9281484100544519,0.7107368924050601,-0.6760404446649555,-0.5105667222699872,0.9386283384627463,0.8662263971057917,-0.9640626998853814,-0.7898832028575422,0.987657183924511,0.030362498101967672,0.8608610277675497,0.34774776462725554,0.13117945395779063,0.0580145818098563,0.39329376491745727,-0.8682701700385387,0.9838362657511543,0.5889719481939881,0.37558037449639725,0.011835026607708743,0.26040070326937115,0.9897193517036353,-0.4607057420028431,-0.33760043446382104
71,-0.3777163764694733,-0.24134067927898917,0.6299116094862891,0.7493009703886977,0.1496543233774712,-0.654752347245076,0.3001026570918768,0.9465222268206699,0.06214868338311241,-0.9699545033187671,-0.6901665561243158,0.8850659077591272,0.11494836639026751,0.09231457316497682,0.07287336327235461,-0.47554291183659214,0.9592281564403247,-0.8154590414208802,-0.3017697843206173,-0.5450124003461676,0.722035264266794,-0.8109950781488073,-0.1846263212112229,0.08261360601663781,-0.20206793151152125,-0.22583212254200435,0.7682145801559688,0.08443415516855035,-0.15770199919998462,-0.5329772616309243,-0.4042534797344757,0.0627903019320677,-0.8261247758458554,0.3964804036592049,0.3067535394775258,0.4305666235549077,-0.8701491564267698,0.22786620937088453,-0.9236298774822356,0.8666659130670249,-0.9997535421186217,-0.22632251814462512,0.39115787056689655,0.6439922025901255,0.10171576652900294,-0.2218279513762551,-0.2736786942950904,0.8805048791234418
72,0.5670464228060996,0.8050033931678182,-0.5311646304648456,-0.057420232007487915,-0.24494109667314667,-0.935873141681629,-0.29305271995075177,-0.8657085202525723,0.9497794647717521,-0.2374568963902255,-0.40863881185980877,0.5272352846448676,-0.8003194131899662,-0.4809007272632744,0.25181151725942974,-0.251427023153207,0.31425654878222753,0.9727389685644112,0.8058793672379594,0.5548554701246884,0.4569466900799022,0.6997978073122986,-0.13701940198681517,0.6284121696536336,0.5665636816497521,-0.5931786767380685,-0.5653123746468875,0.7093069393762346,0.47732965712530606,-0.43092088004568807,-0.21588891280322087,0.7849847693933971,0.9901749506413675,-0.43929434569089487,-0.528389138032161,-0.6349124414914336,-0.7318908730016582,0.9968242233521707,-0.9159760148642122,0.5490315617620585,0.3563189331456127,0.7361388216525762,-0.8050477970022998,0.8320939880323497,0.9498134292291338,-0.9171615779166795,0.97432390699925,0.6438053164417523
73,-0.9713941787980847,0.48776991262509384,0.5440547604877346,-0.7865893451711421,0.7263784543949934,0.629460385926478,-0.4566830546287386,0.7540763196891322,0.4636366791657758,0.33789851993375364,-0.24071954716830302,-0.6086527342788257,0.5806687125612673,0.9134907240817713,-0.8699042886839796,0.46089985653813903,0.9664145648453104,0.9246971361407827,-0.5355911426858091,-0.1811121249778751,0.4150297708913273,-0.5023703537035273,0.7966076538747122,-0.5845353005437415,-0.16293755111627828,-0.6439518929397283,0.984008627891948,0.07324922282791557,-0.4660376546412901,-0.0214747731597138,-0.4340998988125486,0.6281540330259499,-0.4026739049740691,-0.12988869202815123,-0.9003872208589141,-0.4510070995000166,-0.7649088308883496,-0.8933569387402418,-0.5550246744244698,0.00922062860337225,-0.4366000405103794,0.4891653117635808,-0.9780875680622025,0.48229180900811053,0.828684359576163,0.9498890828790711,-0.1397047275407446,-0.16910788410119104
74,-0.49546503862430136,0.21871737545630743,-0.7767286976276859,0.0608426810074294,0.4055223853461729,0.03457942792320967,0.13441180367811967,0.3979674370390862,0.7683060672808675,-0.27064804194842607,0.16559871395075976,0.6640788541568863,0.4061228578712679,-0.7550005999742322,-0.5601373708273423,-0.9107772925216109,0.58819488239533,0.8789245073594931,-0.3258405624036391,-0.8747995671332651,-0.58685957217587,-0.31514050756314926,-0.5152827519414793,-0.35112276467371406,-0.7454213920219959,0.49106537943474105,-0.7326842640131914,-0.04607148651088955,-0.4236597514329601,-0.6889204157846374,0.9544255574621718,-0.4180813436947266,-0.8015750470861538,-0.042084858492996036,0.031037650244761572,-0.28160518944468005,0.7120492440946411,0.9155344413405762,-0.8740902151227823,0.57117305509426,-0.9324705627201142,-0.1635231299561377,0.7232990244084125,0.5145114030545337,-0.2637556348828147,-0.9090219969886821,-0.23948771806293134,0.1539245192074845
75,0.4515630913212907,0.8050033931678182,-0.5737052514078915,-0.057420232007487915,-0.24494109667314667,-0.935873141681629,-0.29305271995075177,-0.8657085202525723,0.9614814740531725,-0.2374568963902255,-0.40863881185980877,0.599134287371389,-0.7902760718862127,-0.4809007272632744,0.16818290486464482,-0.24838881139695346,0.31425654878222753,0.9727389685644112,0.8058793672379594,0.5548554701246884,0.37808420029591194,0.7056749502842463,-0.13701940198681517,0.6284121696536336,0.5665636816497521,-0.5617856847400216,-0.5653123746468875,0.7205383358903994,0.427421414246864,-0.347980334779034,-0.21588891280322087,0.7849847693933971,0.9848090657757838,-0.43929434569089487,-0.49803010414894455,-0.6349124414914336,-0.7318908730016582,0.9968242233521707,-0.9159760148642122,0.5490315617620585,0.3474914276452823,0.701374387937403,-0.8050477970022998,0.8320939880323497,0.9498134292291338,-0.9247086252147412,0.97432390699925,0.6438053164417523
76,-0.1577433187442694,-0.6396007314545853,0.13416763431236722,-0.16510940927223627,-0.1486084019727174,0.13643105999859872,0.9135175763013215,-0.2641167201677823,0.9053055309552427,0.3981768814422755,0.7600182220302865,0.051478850620007455,0.47774873056118317,0.05472937330669514,0.3463139535477602,-0.438799859230965,0.09831850097820305,0.44274166390247416,0.5326585830465036,0.9557956131835346,0.05172292796569056,0.4234243774875288,-0.7756148433937073,0.47595371876287684,-0.7758252206325338,-0.14210690005942284,-0.528157126726496,-0.28748410841778815,0.5452561075288627,0.8076129470658326,0.9738372785491074,-0.48422105126988413,-0.2250662581449807,-0.6252578879866264,-0.10889876732993797,-0.24423256737387344,0.45330729116973156,0.7470248572244835,0.43500078670204245,-0.17677220769136492,-0.5303958640571556,-0.8068963729243359,-0.11015513142735123,-0.22885479028639066,0.4829695590926082,0.23419948877591712,0.3835380929852523,0.22415629661829262
77,0.8663101239543269,-0.04390067781687579,0.7377829474167044,-0.6954136745673494,0.9618210715196789,-0.1443121621526664,-0.5474956098434292,-0.5975787531165737,0.8615121677796234,0.536966800757049,0.6856354545471495,0.7894564850314265,-0.9615948125002127,-0.39231158117167886,-0.10850917517043124,-0.880981231833992,0.03813309245283025,-0.35811236992809214,0.6778031390156847,0.4174557245254964,0.34822315962766326,0.2112427554888685,-0.6287020689227554,-0.6783831609219129,-0.30021753989231303,-0.07683553499302054,0.09597087225873047,-0.6554154949557676,-0.6381504058012579,0.540137538067325,-0.8208630218669344,0.881037426162874,-0.9955622925472858,0.4958124262005277,-0.2050483670850176,0.14749261718475704,0.10529140941181958,-0.5608720577667647,-0.1390915075837389,-0.8337136533422655,-0.19540999627107114,-0.6554381553849133,0.49244625068363845,0.6049434390015866,0.36799794346793413,0.570827167516184,0.676072468154916,-0.008017287803807172
78,0.6685708051920762,0.8050033931678182,-0.5737052514078915,-0.057420232007487915,-0.41398526135064895,-0.935873141681629,-0.225826955352316,-0.8338503653520375,0.9497794647717521,-0.2374568963902255,-0.501256862607852,0.48840206784730356,-0.7902760718862127,-0.4809007272632744,0.25181151725942974,-0.1635311472338179,0.31425654878222753,0.9703739224983126,0.9297191876678601,0.5688204604264293,0.46890436555537285,0.6997978073122986,-0.07172991297438958,0.7378309927609576,0.5665636816497521,-0.5763552200312556,-0.5341146824913234,0.7093069393762346,0.6856261188563149,-0.35222868423745357,-0.21588891280322087,0.7849847693933971,0.924347259071354,-0.43929434569089487,-0.3786726385216581,-0.6349124414914336,-0.7318908730016582,0.8214029657074091,-0.9429864604243063,0.685248553150426,0.3474914276452823,0.8543835512160769,-0.842015211360245,0.6707003711419728,0.9498134292291338,-0.9935831902600603,0.9839790753619011,0.6438053164417523
79,-0.6583338122023592,0.5892014897919866,-0.16464807877029042,0.6998806976106886,0.8055965732965276,-0.11286285894695869,-0.8170838563152136,0.026687238765882526,0.5398476131292516,0.6779700805762183,-0.2587192923604964,-0.4504858573160382,-0.8624434609761631,-0.6762406218872572,-0.7406111002310207,-0.5483664615233306,0.37007351578408376,-0.4161184633577615,0.5240517130716236,0.23111776956300845,0.9317164640718627,-0.8518751989373539,-0.8073641706506207,-0.7862855891756544,0.7319954623282201,0.5202084217507221,0.5598737329530217,0.4409343424351919,-0.5960743105005684,0.03987824618505709,0.051429484746391196,-0.2734248518489537,0.2818562965766003,0.3386199511147241,-0.8908025327738756,-0.16140643204060945,-0.46957939734247467,0.18258202567374093,0.017441107536127598,-0.47750355067971006,-0.1792709510476287,0.16242212607652595,0.03499380641268335,0.3306073501810538,-0.7528304369656436,-0.7032403200758204,0.4298915406691941,-0.37640900107362296
80,-0.341291779263756,-0.24134067927898917,0.3890888149166867,0.8604348988924628,0.1496543233774712,-0.654752347245076,0.3001026570918768,0.9425415358542215,0.06214868338311241,-0.9699545033187671,-0.6901665561243158,0.8850659077591272,0.11494836639026751,0.09231457316497682,0.24161017864414513,-0.47554291183659214,0.9592281564403247,-0.8154590414208802,-0.3017697843206173,-0.38124721694437413,0.722035264266794,-0.9895078206383965,-0.1846263212112229,0.08261360601663781,-0.20206793151152125,-0.3339103646615742,0.7682145801559688,0.08443415516855035,-0.15770199919998462,-0.5329772616309243,-0.4042534797344757,0.0627903019320677,-0.8375912715803666,0.3964804036592049,0.31372632662457844,0.38538294622591684,-0.8701491564267698,0.22786620937088453,-0.9236298774822356,0.8666659130670249,-0.9997535421186217,-0.22632251814462512,0.39115787056689655,0.6439922025901255,0.10171576652900294,-0.2218279513762551,-0.2736786942950904,0.9964731007029615
81,-0.1378265922543107,-0.07321469916140644,-0.9973399633168665,-0.8770232929648096,-0.055283800573073805,0.7427677599171596,-0.7872101009958659,0.8596346099720984,0.29665890067373213,0.48741493669310865,0.7370380703696302,0.5812421396126215,0.15676436856877674,0.7077678101169986,0.819030680283594,0.20006214698663394,-0.7165657948587232,-0.2733113682797974,0.6297611383193868,0.9738541719393765,0.7145883795166259,-0.3927400362252742,-0.010768094292309405,0.07518438921552306,0.2211969540389136,-0.09560543125309251,0.4805421852951832,-0.09000085078911879,-0.7078050871812349,0.43929816564229074,0.736115808116014,0.8311584219785919,-0.09298946994135515,0.5311801577661888,-0.08528075928381695,0.5497332557456611,-0.10160214340499829,-0.3860132942436545,-0.6964677429961441,-0.7281760177284962,0.8860759632433033,0.5141952340778511,0.728965981005941,0.02464836621565758,0.8456295217119414,-0.983492877925072,0.0835004623796094,0.654335823334441
82,0.5670464228060996,0.8050033931678182,-0.5737052514078915,-0.057420232007487915,-0.41398526135064895,-0.7278582545177934,-0.29305271995075177,-0.8657085202525723,0.972140390498391,-0.2374568963902255,-0.018910893143794016,0.48840206784730356,-0.7902760718862127,-0.515345573129411,0.24016320735768937,-0.1635311472338179,0.31425654878222753,0.9703739224983126,0.8058793672379594,0.5548554701246884,0.5398267935766987,0.6997978073122986,-0.2869718267060297,0.9384813865099269,0.5665636816497521,-0.5763552200312556,-0.5488949182416536,0.8007427895700381,0.6856261188563149,-0.347980334779034,-0.1424432068941619,0.8515776113353837,0.9902210767532569,-0.43929434569089487,-0.3786726385216581,-0.6117315666868723,-0.7511184181402262,0.9253307408400739,-0.9429864604243063,0.7021462610893408,0.3474914276452823,0.8082906558967324,-0.8285298528618947,0.8828129084364582,0.9498134292291338,-0.8096600089923582,0.9888468828901962,0.6438053164417523
83,-0.471511076120704,-0.19205221125364558,0.6299116094862891,0.8164237535593422,-0.14872782342787483,-0.6678183106074758,0.2201058161929852,0.7671082870581138,0.11853816397508976,-0.9821939184802266,-0.6901665561243158,0.8850659077591272,-0.06224571681867985,0.01936457362721411,0.07287336327235461,-0.4529789633591994,0.9828456325341133,-0.8265587792776559,-0.47603577340588465,-0.665415451272829,0.6447161479546268,-0.3959585313852938,-0.1678803607500341,0.3243754032583519,-0.23102482729136997,-0.22583212254200435,0.8101859974187284,0.019352408855644265,-0.3642687924463417,-0.5329772616309243,-0.36793522335607465,0.0627903019320677,-0.6922684873034046,0.41756531062000524,0.3067535394775258,0.4648716272525584,-0.8701491564267698,0.2213654712652231,-0.6554889872280969,0.8666659130670249,-0.9607814660735112,-0.10957860530957109,0.5088565316922027,0.6482113538514305,0.026262349242941907,-0.24555225630805433,-0.4131662787250183,0.7626210460535459
84,0.30545084194416394,0.8050033931678182,-0.5737052514078915,-0.057420232007487915,-0.24494109667314667,-0.9278487295356994,-0.29305271995075177,-0.8657085202525723,0.9497794647717521,-0.2374568963902255,-0.40863881185980877,0.48840206784730356,-0.8128423530882083,-0.4809007272632744,0.25181151725942974,-0.34754671497279555,0.4189028156785648,0.9727389685644112,0.8058793672379594,0.10590288062929898,0.2500860105061262,0.6997978073122986,-0.13701940198681517,0.6284121696536336,0.5665636816497521,-0.6318208772207594,-0.5653123746468875,0.7093069393762346,0.427421414246864,-0.6244001280883966,-0.21588891280322087,0.7849847693933971,0.9848090657757838,-0.43929434569089487,-0.3786726385216581,-0.6073675223971553,-0.7318908730016582,0.9968242233521707,-0.9159760148642122,0.5490315617620585,0.3474914276452823,0.7361388216525762,-0.8050477970022998,0.9336936259417445,0.9498134292291338,-0.9171615779166795,0.97432390699925,0.6438053164417523
85,-0.13690152674950729,-0.6396007314545853,0.0789800962176248,-0.09774283371864634,-0.20453967204128087,0.13643105999859872,0.9135175763013215,-0.1639396537398452,0.9053055309552427,0.3718995276723345,0.7600182220302865,0.1073792731320855,0.49462190746468204,0.05472937330669514,0.4820156747958897,-0.5771165558441813,0.042990176322527995,0.48345242222619755,0.5326585830465036,0.915295975478422,0.21549826278667528,0.4234243774875288,-0.7756148433937073,0.47595371876287684,-0.7758252206325338,-0.14210690005942284,-0.49967421573919424,-0.40244507261580975,0.6325611056979732,0.8076129470658326,0.9256549364193902,-0.25490016360905887,-0.26533441873669883,-0.3512513139365674,-0.1945867854678882,-0.30546176517886736,0.3949256463307069,0.7470248572244835,0.5814129101643726,-0.17717379921796295,-0.5265478856661854,-0.815876781698124,0.29829343678961506,-0.0049268111089468825,0.4829695590926082,-0.10998798637366436,0.3835380929852523,0.22415629661829262
86,-0.3072791252164284,0.4020517144342288,0.30841320052894594,0.63589383613076,-0.6497678736273556,-0.17381205450257453,0.6876065012913946,0.6004385711316211,0.2549166843265922,0.374329025569051,0.6202963037907641,-0.9797924570793906,0.9890584087763745,0.5631255173130059,0.9780225645558793,-0.5301066416856022,0.022891352749621063,0.17631860551665346,-0.7711120979820414,0.7697346142552051,0.8375617800481829,0.5800401851746888,0.4658529594510008,-0.7633749932693783,-0.0011942166530751752,0.750393070053347,0.7643453004249396,0.9173029763908438,0.5480252467326683,0.5556153092983285,0.8077036301514979,0.24732064740994653,-0.7883637693242844,0.4185199269322637,0.975096016885413,0.5994745799458057,-0.3052362694987434,-0.43733938559711216,-0.5259341108865414,0.9341606328805985,-0.6858678593975169,-0.9687309173373015,-0.49096610298277343,-0.14348029653413374,-0.19515909501282303,-0.03694748783256219,-0.720042501530676,-0.09156221049617619
87,-0.13690152674950729,-0.7239491525571604,0.13416763431236722,-0.16510940927223627,-0.20453967204128087,0.13643105999859872,0.9135175763013215,-0.1639396537398452,0.9053055309552427,0.3718995276723345,0.7600182220302865,0.1073792731320855,0.6790480272629515,0.05472937330669514,0.4820156747958897,-0.5587278747035831,0.042990176322527995,0.44274166390247416,0.5326585830465036,0.9856146650042823,0.21549826278667528,0.4234243774875288,-0.7756148433937073,0.47595371876287684,-0.765356617203637,-0.14210690005942284,-0.4677936470528059,-0.30033967588376287,0.6325611056979732,0.8076129470658326,0.9256549364193902,-0.48422105126988413,-0.26533441873669883,-0.3512513139365674,-0.1945867854678882,0.00014906044685436548,0.3949256463307069,0.7470248572244835,0.5814129101643726,-0.02279772781838796,-0.5265478856661854,-0.912418339936105,0.29829343678961506,-0.10400261415074508,0.5334151503905127,-0.10998798637366436,0.3835380929852523,0.22415629661829262
88,-0.5696149917347659,0.34559167627487186,0.35436679209159627,0.2643236842084735,-0.6497678736273556,-0.3912991892967128,0.6344276140365823,0.5944582399762657,0.2549166843265922,0.374329025569051,0.6440001981679966,-0.8584715673816716,0.8460816385578847,0.5631255173130059,0.9611094466091459,-0.5301066416856022,-0.178264100795533,0.17631860551665346,-0.962630607560022,0.7697346142552051,0.8118806178209976,0.5800401851746888,0.7205159850684768,-0.4047408978232825,0.019015261635680236,0.7905468365204642,0.7643453004249396,0.935197914798922,0.5480252467326683,0.580022358704867,0.8077036301514979,0.4457025335767022,-0.4254841048600422,0.3317332593289135,0.975096016885413,0.5994745799458057,-0.3337094672152148,-0.43733938559711216,-0.5259341108865414,0.9840050247852137,-0.6858678593975169,-0.9635213163634513,-0.43096974885298556,-0.12685308931199324,-0.19515909501282303,-0.05336983039919829,-0.6770130458666801,-0.10958112151526
89,-0.13690152674950729,-0.6396007314545853,0.11510187385863868,-0.16510940927223627,-0.548414712466984,0.09904923869085525,0.965993271911284,-0.1639396537398452,0.9162680207772034,0.3718995276723345,0.7600182220302865,0.1073792731320855,0.47774873056118317,0.24619008017719368,0.4945263329548626,-0.5587278747035831,0.26067054440784276,0.44274166390247416,0.5326585830465036,0.9856146650042823,0.21549826278667528,0.4234243774875288,-0.7756148433937073,0.47595371876287684,-0.7758252206325338,-0.16484686421858208,-0.6247861558249135,-0.3090120607581661,0.6325611056979732,0.8076129470658326,0.778214407107197,-0.48422105126988413,-0.26533441873669883,-0.3512513139365674,-0.1945867854678882,-0.1907863170593953,0.3949256463307069,0.7470248572244835,0.5814129101643726,-0.17717379921796295,-0.47139765154760505,-0.815876781698124,0.29829343678961506,-0.059346928019176515,0.4829695590926082,-0.10998798637366436,0.22518193622799076,0.22415629661829262
90,-0.9713941787980847,0.48776991262509384,0.5440547604877346,-0.7865893451711421,0.7263784543949934,0.629460385926478,-0.4566830546287386,0.7149587999246656,0.4636366791657758,0.33789851993375364,-0.24071954716830302,-0.6314777428672511,0.5806687125612673,0.9134907240817713,-0.8699042886839796,0.551152553695144,0.9866305527989812,0.9246971361407827,-0.5355911426858091,-0.10331658941570976,0.4150297708913273,-0.5023703537035273,0.7966076538747122,-0.5845353005437415,-0.16293755111627828,-0.6439518929397283,0.7469270574358817,0.07324922282791557,-0.4660376546412901,-0.0050575807771626735,-0.4340998988125486,0.6281540330259499,-0.42175141860270604,-0.12988869202815123,-0.9003872208589141,-0.4510070995000166,-0.7649088308883496,-0.8933569387402418,-0.3801569794794304,0.00922062860337225,-0.4366000405103794,0.4891653117635808,-0.9780875680622025,0.48229180900811053,0.828684359576163,0.9498890828790711,-0.1511778557759056,-0.16910788410119104
91,-0.15703830007721864,-0.18984121322375636,0.6299116094862891,0.900267249323121,-0.1260811504804109,-0.654752347245076,0.6527530894761415,0.9465222268206699,-0.00022882860829431806,-0.8873518576134338,-0.6555899574510364,0.9069456749862381,0.14416144626815752,0.2901777357709958,0.07287336327235461,-0.3775054197003491,0.8170269789843807,-0.8265587792776559,-0.2606859718702914,-0.5490696681033382,0.7290718678193224,-0.8109950781488073,-0.4396541879934286,0.23733029351813828,-0.04885640154418658,-0.22583212254200435,0.7682145801559688,0.06794511585966823,-0.15770199919998462,-0.5329772616309243,-0.4961285752508242,-0.019793608723343015,-0.7803747337716445,0.3964804036592049,0.3067535394775258,0.35184792457926717,-0.896708739155194,0.22786620937088453,-0.914640313674415,0.9397914884068501,-0.9964398671665364,-0.21737840368268935,0.7542328060757892,0.6439922025901255,0.10171576652900294,-0.2218279513762551,-0.2736786942950904,0.9939173537787491
92,-0.471511076120704,-0.22505744819680706,0.6299116094862891,0.7364245918241707,0.031657137580549444,-0.6678183106074758,0.2201058161929852,0.7221057702449021,0.11853816397508976,-0.8873518576134338,-0.6997523695282453,0.5084201884169355,0.14416144626815752,0.01936457362721411,0.07287336327235461,-0.4529789633591994,0.8030825305078704,-0.8265587792776559,-0.47603577340588465,-0.6913399053593059,0.6447161479546268,-0.3959585313852938,-0.1678803607500341,0.3243754032583519,-0.23102482729136997,-0.22583212254200435,0.8101859974187284,0.06794511585966823,-0.15770199919998462,-0.5329772616309243,-0.36793522335607465,0.0627903019320677,-0.8261247758458554,0.41756531062000524,0.3716322344796239,0.4648716272525584,-0.8701491564267698,0.2213654712652231,-0.6554889872280969,0.8666659130670249,-0.9818401468652536,-0.10957860530957109,0.5088565316922027,0.6482113538514305,0.026262349242941907,-0.20492017406141505,-0.3550688597661851,0.9923832443352218
93,-0.1378265922543107,-0.07321469916140644,-0.9973399633168665,-0.8770232929648096,0.111479558690464,0.7427677599171596,-0.7872101009958659,0.8596346099720984,0.29665890067373213,0.48741493669310865,0.7370380703696302,0.5812421396126215,0.15676436856877674,0.7077678101169986,0.819030680283594,0.20006214698663394,-0.7165657948587232,-0.6203456202509452,0.6297611383193868,0.9738541719393765,0.7145883795166259,-0.3927400362252742,-0.010768094292309405,-0.06544872223552134,0.2211969540389136,-0.09560543125309251,0.4805421852951832,-0.13253137254852843,-0.7078050871812349,0.43929816564229074,0.6498810605334784,0.8311584219785919,-0.09298946994135515,0.5311801577661888,-0.04706347287539425,0.5497332557456611,-0.10160214340499829,-0.3860132942436545,-0.6964677429961441,-0.657227032784657,0.8860759632433033,0.4333539160033426,0.728965981005941,-0.16626137244506833,0.8456295217119414,-0.983492877925072,0.0835004623796094,0.654335823334441
94,0.4515630913212907,0.8564361863931074,-0.5737052514078915,-0.0860687045915518,0.01141378685695238,-0.935873141681629,-0.29305271995075177,-0.8657085202525723,0.9614814740531725,-0.2829587947050709,-0.40863881185980877,0.599134287371389,-0.7902760718862127,-0.4809007272632744,0.16818290486464482,-0.24838881139695346,0.31425654878222753,0.9727389685644112,0.8058793672379594,0.5548554701246884,0.37808420029591194,0.7056749502842463,-0.13701940198681517,0.6993826572363775,0.5665636816497521,-0.5016233659932612,-0.5653123746468875,0.7205383358903994,0.427421414246864,-0.23514175111385893,-0.21588891280322087,0.7849847693933971,0.9848090657757838,-0.43929434569089487,-0.49803010414894455,-0.6349124414914336,-0.7318908730016582,0.9968242233521707,-0.9159760148642122,0.8220371101389099,0.3474914276452823,0.701374387937403,-0.6327174597997216,0.8320939880323497,0.9498134292291338,-0.9247086252147412,0.97432390699925,0.6438053164417523
95,-0.9713941787980847,0.28049548461897866,0.5440547604877346,-0.7667757444090564,0.7263784543949934,0.8249636290699713,-0.5104375902024432,0.7540763196891322,0.4636366791657758,0.6007723818936006,-0.40095665730718255,-0.6569152608238973,0.5806687125612673,0.9134907240817713,-0.8699042886839796,0.7321193326982744,0.816194774868964,0.9108559016677609,-0.32675125430472973,-0.01575919196382758,0.3329414037693903,-0.5023703537035273,0.7966076538747122,-0.47887531712008835,-0.16293755111627828,-0.6439518929397283,0.9728980706342494,0.031143590633243345,-0.4660376546412901,-0.0214747731597138,-0.4340998988125486,0.6281540330259499,-0.4026739049740691,-0.12988869202815123,-0.9116693873947763,-0.48238976405665235,-0.41901702801227025,-0.8933569387402418,-0.45274120170628707,0.00922062860337225,-0.4366000405103794,0.3818476797934274,-0.9780875680622025,0.48229180900811053,0.828684359576163,0.9498890828790711,-0.046332751434549735,-0.09669039792147949
96,-0.612720138964959,-0.7111550955216213,-0.35651890997592406,0.43780251274246607,-0.7412312659183025,0.32312840617662575,-0.2243656801909888,0.6062047614875246,-0.8691093370973453,-0.7078342221322957,-0.24851313234475292,-0.428507656560396,-0.6841082927132875,0.03844890795967659,0.8132358964348159,-0.4277307844527174,0.920244870664706,0.4361102968858015,-0.30339944929724916,-0.2569986885564537,-0.40718385046470984,-0.13711691044063667,0.7642397899256637,0.7375639392968902,0.423959888182033,0.7193351744789014,-0.12328337172280124,-0.6507602687120317,0.7940963306461484,0.8459446916678277,-0.06440697452774602,0.14156504523025237,-0.7077965862356048,0.678884511151961,0.6431736754210637,-0.6196899700179497,0.27421405544630884,0.6230705918658472,-0.6648110690156239,-0.29541206425314304,0.94743901168244,0.4138748348244521,-0.6206569044470984,-0.3835201174723173,-0.06660556718841759,0.5837833325381616,0.31457075547460667,0.055791255883070656
